<data>
<param s="b">
<i va="00:10:000">* </i>
<i va="00:12:120">* </i>
<i va="00:13:800">* </i>
<i va="00:15:480">Không </i>
<i va="00:15:800">còn </i>
<i va="00:16:080">rượu sâm panh </i>
</param>
<param s="b">
<i va="00:17:760">Và </i>
<i va="00:17:960">pháo </i>
<i va="00:18:200">hoa cũng</i>
<i va="00:19:360">đã </i>
<i va="00:19:800">tắt </i>
</param>
<param s="b">
<i va="00:20:920">Chúng </i>
<i va="00:21:560">ta </i>
<i va="00:21:800">đây, </i>
<i va="00:23:040">anh </i>
<i va="00:23:400">và </i>
<i va="00:23:680">em </i>
</param>
<param s="b">
<i va="00:24:880">Feeling </i>
<i va="00:25:200">lost </i>
<i va="00:26:080">and </i>
<i va="00:26:360">feeling </i>
<i va="00:27:200">blue </i>
</param>
<param s="b">
<i va="00:28:480">It's </i>
<i va="00:28:880">the </i>
<i va="00:29:160">end </i>
<i va="00:30:480">of </i>
<i va="00:30:720">the </i>
<i va="00:31:000">party </i>
</param>
<param s="b">
<i va="00:32:320">And </i>
<i va="00:32:520">the </i>
<i va="00:32:800">morning </i>
<i va="00:33:640">seems </i>
<i va="00:34:120">so </i>
<i va="00:34:520">grey </i>
</param>
<param s="b">
<i va="00:35:520">So </i>
<i va="00:36:040">unlike </i>
<i va="00:37:560">yesterday </i>
</param>
<param s="b">
<i va="00:39:160">Now's </i>
<i va="00:39:840">the </i>
<i va="00:40:080">time </i>
<i va="00:40:720">for </i>
<i va="00:40:960">us </i>
<i va="00:41:520">to </i>
<i va="00:41:760">say. </i>
</param>
<param s="b">
<i va="00:44:640">Happy </i>
<i va="00:44:880">new </i>
<i va="00:45:520">year </i>
</param>
<param s="b">
<i va="00:46:440">Happy </i>
<i va="00:46:880">new </i>
<i va="00:47:400">year </i>
</param>
<param s="b">
<i va="00:48:240">May </i>
<i va="00:48:480">we </i>
<i va="00:48:720">all </i>
</param>
<param s="b">
<i va="00:49:680">have </i>
<i va="00:50:480">a </i>
<i va="00:50:720">vision </i>
<i va="00:51:880">now </i>
<i va="00:52:320">and </i>
<i va="00:52:720">then </i>
</param>
<param s="b">
<i va="00:53:640">Of </i>
<i va="00:54:080">a </i>
<i va="00:54:360">world </i>
<i va="00:55:040">where </i>
</param>
<param s="b">
<i va="00:55:520">every </i>
<i va="00:56:400">neighbour </i>
<i va="00:57:320">is </i>
<i va="00:57:800">a </i>
<i va="00:58:280">friend </i>
</param>
<param s="b">
<i va="01:00:960">Happy </i>
<i va="01:01:440">new </i>
<i va="01:01:920">year </i>
</param>
<param s="b">
<i va="01:02:840">Happy </i>
<i va="01:03:280">new </i>
<i va="01:03:720">year </i>
</param>
<param s="b">
<i va="01:04:600">May </i>
<i va="01:04:840">we </i>
<i va="01:05:120">all </i>
</param>
<param s="b">
<i va="01:06:000">have </i>
<i va="01:06:920">our </i>
<i va="01:07:160">hopes, </i>
<i va="01:07:840">our </i>
<i va="01:08:280">will </i>
<i va="01:08:720">to </i>
<i va="01:08:920">try </i>
</param>
<param s="b">
<i va="01:10:080">If </i>
<i va="01:10:520">we </i>
<i va="01:10:800">don't </i>
</param>
<param s="b">
<i va="01:11:480">we </i>
<i va="01:11:960">might </i>
<i va="01:12:360">as </i>
<i va="01:12:800">well </i>
</param>
<param s="b">
<i va="01:13:320">lay </i>
<i va="01:13:760">down </i>
<i va="01:14:160">and </i>
<i va="01:14:600">die </i>
</param>
<param s="b">
<i va="01:17:360">You </i>
<i va="01:17:800">and </i>
<i va="01:18:320">I. </i>
</param>
<param s="b">
<i va="01:22:800">Sometimes </i>
<i va="01:23:400">I </i>
<i va="01:23:680">see </i>
</param>
<param s="b">
<i va="01:25:120">How </i>
<i va="01:25:360">the </i>
<i va="01:25:560">brave </i>
<i va="01:26:000">new </i>
<i va="01:26:480">world </i>
<i va="01:27:000">arrives </i>
</param>
<param s="b">
<i va="01:28:240">And </i>
<i va="01:28:520">I </i>
<i va="01:28:960">see </i>
<i va="01:30:080">how </i>
<i va="01:30:480">it </i>
<i va="01:30:720">thrives </i>
</param>
<param s="b">
<i va="01:31:880">In </i>
<i va="01:32:480">the </i>
<i va="01:32:800">ashes </i>
<i va="01:33:640">of </i>
<i va="01:34:160">our </i>
<i va="01:34:560">lives </i>
</param>
<param s="b">
<i va="01:36:120">Oh </i>
<i va="01:36:520">yes, </i>
<i va="01:37:400">man </i>
<i va="01:37:640">is </i>
<i va="01:37:880">a </i>
<i va="01:38:080">fool </i>
</param>
<param s="b">
<i va="01:39:680">And </i>
<i va="01:39:920">he </i>
<i va="01:40:160">thinks </i>
<i va="01:40:560">he'll </i>
<i va="01:41:040">be </i>
<i va="01:41:440">okay </i>
</param>
<param s="b">
<i va="01:42:800">Dragging </i>
<i va="01:43:600">on, </i>
<i va="01:44:960">feet </i>
<i va="01:45:240">of </i>
<i va="01:45:520">clay </i>
</param>
<param s="b">
<i va="01:46:840">Never </i>
<i va="01:47:200">knowing </i>
<i va="01:48:240">he's </i>
<i va="01:48:720">astray </i>
</param>
<param s="b">
<i va="01:50:120">Keeps </i>
<i va="01:50:880">on </i>
<i va="01:51:160">going, </i>
<i va="01:52:920">anyway... </i>
</param>
<param s="b">
<i va="01:57:400">Happy </i>
<i va="01:57:920">new </i>
<i va="01:58:320">year </i>
</param>
<param s="b">
<i va="01:59:240">Happy </i>
<i va="01:59:680">new </i>
<i va="02:00:200">year </i>
</param>
<param s="b">
<i va="02:01:040">May </i>
<i va="02:01:280">we </i>
<i va="02:01:520">all </i>
</param>
<param s="b">
<i va="02:02:440">have </i>
<i va="02:03:280">a </i>
<i va="02:03:560">vision </i>
<i va="02:04:720">now </i>
<i va="02:05:120">and </i>
<i va="02:05:480">then </i>
</param>
<param s="b">
<i va="02:06:480">Of </i>
<i va="02:06:920">a </i>
<i va="02:07:160">world </i>
<i va="02:07:800">where </i>
</param>
<param s="b">
<i va="02:08:360">every </i>
<i va="02:09:040">neighbour </i>
<i va="02:10:120">is </i>
<i va="02:10:560">a </i>
<i va="02:11:000">friend </i>
</param>
<param s="b">
<i va="02:13:760">Happy </i>
<i va="02:14:240">new </i>
<i va="02:14:720">year </i>
</param>
<param s="b">
<i va="02:15:600">Happy </i>
<i va="02:16:000">new </i>
<i va="02:16:560">year </i>
</param>
<param s="b">
<i va="02:17:440">May </i>
<i va="02:17:640">we </i>
<i va="02:17:880">all </i>
<i va="02:18:560">have </i>
<i va="02:19:680">our </i>
<i va="02:19:920">hopes </i>
</param>
<param s="b">
<i va="02:20:640">our </i>
<i va="02:21:080">will </i>
<i va="02:21:480">to </i>
<i va="02:21:720">try </i>
</param>
<param s="b">
<i va="02:22:840">If </i>
<i va="02:23:320">we </i>
<i va="02:23:520">don't </i>
</param>
<param s="b">
<i va="02:24:280">we </i>
<i va="02:24:720">might </i>
<i va="02:25:120">as </i>
<i va="02:25:600">well </i>
<i va="02:26:040">lay </i>
<i va="02:26:520">down </i>
<i va="02:27:000">and </i>
<i va="02:27:440">die </i>
</param>
<param s="b">
<i va="02:31:080">You... </i>
</param>
<param s="b">
<i va="02:33:840">And </i>
<i va="02:34:760">I... </i>
</param>
<param s="b">
<i va="02:43:240">* </i>
<i va="02:46:720">* </i>
<i va="02:48:520">* </i>
<i va="02:49:280">Seems </i>
<i va="02:50:640">to </i>
<i va="02:50:880">me </i>
<i va="02:51:120">now </i>
</param>
<param s="b">
<i va="02:52:480">That </i>
<i va="02:52:680">the </i>
<i va="02:52:960">dreams </i>
<i va="02:53:360">we </i>
<i va="02:53:800">had </i>
<i va="02:54:240">before </i>
</param>
<param s="b">
<i va="02:55:640">Are </i>
<i va="02:56:320">all </i>
<i va="02:56:520">dead, </i>
<i va="02:57:600">nothing </i>
<i va="02:58:240">more </i>
</param>
<param s="b">
<i va="02:59:320">Than </i>
<i va="03:00:040">confetti </i>
<i va="03:01:040">on </i>
<i va="03:01:560">the </i>
<i va="03:01:960">floor </i>
</param>
<param s="b">
<i va="03:03:200">It's </i>
<i va="03:03:560">the </i>
<i va="03:03:800">end, </i>
<i va="03:04:800">of </i>
<i va="03:05:200">a </i>
<i va="03:05:480">decade </i>
</param>
<param s="b">
<i va="03:07:000">In </i>
<i va="03:07:320">another </i>
<i va="03:08:360">ten </i>
<i va="03:08:800">years </i>
<i va="03:09:280">time </i>
</param>
<param s="b">
<i va="03:10:200">Who </i>
<i va="03:10:840">can </i>
<i va="03:11:080">say, </i>
<i va="03:12:320">what </i>
<i va="03:12:600">we'll </i>
<i va="03:12:840">find </i>
</param>
<param s="b">
<i va="03:14:240">What </i>
<i va="03:14:480">lies </i>
<i va="03:14:720">waiting </i>
<i va="03:15:640">down </i>
<i va="03:16:080">the </i>
<i va="03:16:600">line </i>
</param>
<param s="b">
<i va="03:17:720">In </i>
<i va="03:18:080">the </i>
<i va="03:18:400">end </i>
<i va="03:19:560">of </i>
<i va="03:21:000">eighty-nine </i>
</param>
<param s="b">
<i va="03:24:760">Happy </i>
<i va="03:25:240">new </i>
<i va="03:25:720">year </i>
</param>
<param s="b">
<i va="03:26:600">Happy </i>
<i va="03:27:040">new </i>
<i va="03:27:520">year </i>
</param>
<param s="b">
<i va="03:28:400">May </i>
<i va="03:28:640">we </i>
<i va="03:28:880">all </i>
</param>
<param s="b">
<i va="03:29:760">have </i>
<i va="03:30:640">a </i>
<i va="03:30:880">vision </i>
<i va="03:32:040">now </i>
<i va="03:32:440">and </i>
<i va="03:32:720">then </i>
</param>
<param s="b">
<i va="03:33:840">Of </i>
<i va="03:34:280">a </i>
<i va="03:34:520">world </i>
<i va="03:35:200">where </i>
</param>
<param s="b">
<i va="03:35:760">every </i>
<i va="03:36:600">neighbour </i>
<i va="03:37:480">is </i>
<i va="03:37:960">a </i>
<i va="03:38:400">friend </i>
</param>
<param s="b">
<i va="03:41:080">Happy </i>
<i va="03:41:600">new </i>
<i va="03:42:040">year </i>
</param>
<param s="b">
<i va="03:42:960">Happy </i>
<i va="03:43:400">new </i>
<i va="03:43:920">year </i>
</param>
<param s="b">
<i va="03:44:800">May </i>
<i va="03:45:040">we </i>
<i va="03:45:320">all </i>
<i va="03:45:920">have </i>
<i va="03:47:040">our </i>
<i va="03:47:240">hopes, </i>
</param>
<param s="b">
<i va="03:47:960">our </i>
<i va="03:48:440">will </i>
<i va="03:48:880">to </i>
<i va="03:49:080">try </i>
</param>
<param s="b">
<i va="03:50:160">If </i>
<i va="03:50:640">we </i>
<i va="03:50:880">don't </i>
<i va="03:51:560">we </i>
<i va="03:52:120">might </i>
<i va="03:52:520">as </i>
<i va="03:52:960">well </i>
</param>
<param s="b">
<i va="03:53:360">lay </i>
<i va="03:53:840">down </i>
<i va="03:54:320">and </i>
<i va="03:54:800">die. </i>
</param>
<param s="b">
<i va="03:58:400">You... </i>
</param>
<param s="b">
<i va="04:01:160">And </i>
<i va="04:02:080">I... </i>
</param>
</data>
