<tracklist>
    <type>song</type>
    <track>
    <title>
        <![CDATA[Sầu Tím Thiệp Hồng]]>
    </title>
    <time>
        <![CDATA[0:00]]>
    </time>
    <creator>
        <![CDATA[Lệ Quyên, Quang Lê]]>
    </creator>
    <location>
        <![CDATA[http://aredir.nixcdn.com/6524f0b15d5f7b3d18fefa4e6e71da7e/57f50508/NhacCuaTui829/SauTimThiepHong-LeQuyenQuangLe-2454490.mp3]]>
    </location>
    <locationHQ>
        <![CDATA[]]>
    </locationHQ>
    <hasHQ>
        <![CDATA[true]]>
    </hasHQ>
    <info>
        <![CDATA[http://www.nhaccuatui.com/bai-hat/sau-tim-thiep-hong-le-quyen-ft-quang-le.367fYBSxm8Cr.html]]>
    </info>
    <lyric><![CDATA[http://lrc.nct.nixcdn.com/2015/01/20/b/e/0/9/1421688740275.lrc]]></lyric>
    <bgimage><![CDATA[http://avatar.nct.nixcdn.com/singer/avatar/2016/05/26/1/0/c/5/1464233265490.jpg]]></bgimage>
    <avatar><![CDATA[http://avatar.nct.nixcdn.com/singer/avatar/2016/05/26/1/0/c/5/1464233265490.jpg]]></avatar>
    <newtab><![CDATA[http://www.nhaccuatui.com/nghe-si-le-quyen.html]]></newtab>
    <kbit><![CDATA[224]]></kbit>
    <key><![CDATA[367fYBSxm8Cr]]></key>
    </track>    
</tracklist>