﻿<tt xml:lang="vi" 
	xmlns="http://www.w3.org/ns/ttml"
    xmlns:tts="http://www.w3.org/ns/ttml#styling"
    xmlns:ttm="http://www.w3.org/ns/ttml#metadata"
    xmlns:kar="http://code.google.com/p/as3-karaoke-player">
	<head>
		<metadata>
			<ttm:title><![CDATA[Bài Hát: Ai Đưa Em Về]]></ttm:title>
			<ttm:desc><![CDATA[Ca Sĩ: Chưa Biết]]></ttm:desc>
			<ttm:copyright>Copyright (C) 2010 Thanh Tran - trongthanh@gmail.com</ttm:copyright>
			<kar:audio>http://k007.kiwi6.com/hotlink/xo98kqna8j/Ai_Dua_em_Ve_-_828038.mp3
			</kar:audio>
			<!--Convert Zing Star to AS3 Karaoke by tuantiens1981@gmail.com-->
		</metadata>
	</head>
<body>
<div style="b">
<p begin="00:17.511">Đêm</p>
<p begin="00:18.211">nay</p>
<p begin="00:18.611">ai</p>
<p begin="00:18.911">đưa</p>
<p begin="00:19.211">em</p>
<p begin="00:20.111">về?</p>
</div>
<div style="b">
<p begin="00:20.811">M</p>
<p begin="00:20.911">ì</p>
<p begin="00:21.011">n</p>
<p begin="00:21.111">h </p>
<p begin="00:21.111">e</p>
<p begin="00:21.611">m </p>
<p begin="00:22.011">t</p>
<p begin="00:22.111">r</p>
<p begin="00:22.211">ê</p>
<p begin="00:22.211">n</p>
<p begin="00:22.311"></p>
</div>
<div style="b">
<p begin="00:22.311">h</p>
<p begin="00:22.511">è </p>
<p begin="00:22.611">p</p>
<p begin="00:22.711">h</p>
<p begin="00:22.811">ố </p>
<p begin="00:22.911">v</p>
<p begin="00:23.111">ắ</p>
<p begin="00:23.411">n</p>
<p begin="00:23.611">g</p>
<p begin="00:23.811">.</p>
<p begin="00:24.311"></p>
</div>
<div style="b">
<p begin="00:24.411">Đ</p>
<p begin="00:24.511">ê</p>
<p begin="00:24.611">m </p>
<p begin="00:24.711">n</p>
<p begin="00:25.011">a</p>
<p begin="00:25.311">y </p>
<p begin="00:25.611">a</p>
<p begin="00:25.711">i </p>
<p begin="00:25.811">đ</p>
<p begin="00:25.911">ư</p>
<p begin="00:26.011">a </p>
<p begin="00:26.111">e</p>
<p begin="00:26.311">m </p>
<p begin="00:26.411">v</p>
<p begin="00:26.811">ề</p>
<p begin="00:27.211">?</p>
<p begin="00:27.611"></p>
</div>
<div style="b">
<p begin="00:27.811">M</p>
<p begin="00:27.911">ắ</p>
<p begin="00:28.011">t </p>
<p begin="00:28.211">e</p>
<p begin="00:28.611">m </p>
<p begin="00:29.111">l</p>
<p begin="00:29.211">ệ </p>
<p begin="00:29.411">ư</p>
<p begin="00:29.511">ớ</p>
<p begin="00:29.611">t</p>
<p begin="00:29.711"></p>
</div>
<div style="b">
<p begin="00:29.711">l</p>
<p begin="00:29.711">o</p>
<p begin="00:29.811">n</p>
<p begin="00:29.911">g </p>
<p begin="00:30.011">l</p>
<p begin="00:30.211">a</p>
<p begin="00:30.411">n</p>
<p begin="00:30.711">h</p>
<p begin="00:30.911">.</p>
<p begin="00:31.411"></p>
</div>
<div style="b">
<p begin="00:31.511">Đ</p>
<p begin="00:31.611">ê</p>
<p begin="00:31.711">m </p>
<p begin="00:31.811">n</p>
<p begin="00:32.011">a</p>
<p begin="00:32.311">y </p>
<p begin="00:32.611">a</p>
<p begin="00:32.811">i </p>
<p begin="00:32.911">đ</p>
<p begin="00:33.011">ư</p>
<p begin="00:33.111">a </p>
<p begin="00:33.211">e</p>
<p begin="00:33.311">m </p>
<p begin="00:33.511">v</p>
<p begin="00:33.911">ề</p>
<p begin="00:34.211">?</p>
<p begin="00:34.711"></p>
</div>
<div style="b">
<p begin="00:34.911">N</p>
<p begin="00:35.011">g</p>
<p begin="00:35.011">ư</p>
<p begin="00:35.111">ờ</p>
<p begin="00:35.211">i </p>
<p begin="00:35.311">ơ</p>
<p begin="00:35.711">i </p>
<p begin="00:36.211">x</p>
<p begin="00:36.311">i</p>
<p begin="00:36.311">n</p>
<p begin="00:36.411"></p>
</div>
<div style="b">
<p begin="00:36.511">đ</p>
<p begin="00:36.511">ừ</p>
<p begin="00:36.611">n</p>
<p begin="00:36.711">g </p>
<p begin="00:36.711">h</p>
<p begin="00:36.811">ờ</p>
<p begin="00:36.911">n </p>
<p begin="00:37.011">d</p>
<p begin="00:37.311">ỗ</p>
<p begin="00:37.611">i</p>
<p begin="00:37.911">.</p>
<p begin="00:38.311"></p>
</div>
<div style="b">
<p begin="00:38.511">Đ</p>
<p begin="00:38.611">ê</p>
<p begin="00:38.711">m </p>
<p begin="00:38.811">n</p>
<p begin="00:39.111">a</p>
<p begin="00:39.411">y </p>
<p begin="00:39.711">c</p>
<p begin="00:39.811">ô </p>
<p begin="00:39.911">đ</p>
<p begin="00:40.011">ơ</p>
<p begin="00:40.111">n </p>
<p begin="00:40.211">đ</p>
<p begin="00:40.411">i </p>
<p begin="00:40.511">v</p>
<p begin="00:40.911">ề</p>
<p begin="00:41.311">!</p>
<p begin="00:41.811"></p>
</div>
<div style="b">
<p begin="00:42.011">X</p>
<p begin="00:42.111">i</p>
<p begin="00:42.211">n </p>
<p begin="00:42.311">n</p>
<p begin="00:42.511">g</p>
<p begin="00:42.711">ư</p>
<p begin="00:42.811">ờ</p>
<p begin="00:43.011">i </p>
<p begin="00:43.211">h</p>
<p begin="00:43.311">ã</p>
<p begin="00:43.411">y </p>
<p begin="00:43.511">n</p>
<p begin="00:43.611">h</p>
<p begin="00:43.711">ớ</p>
<p begin="00:43.811"></p>
</div>
<div style="b">
<p begin="00:43.811">t</p>
<p begin="00:43.911">ì</p>
<p begin="00:43.911">n</p>
<p begin="00:44.011">h </p>
<p begin="00:44.111">t</p>
<p begin="00:44.311">ô</p>
<p begin="00:44.611">i</p>
<p begin="00:44.911">.</p>
<p begin="00:45.311"></p>
</div>
<div style="b">
<p begin="00:45.311">N</p>
<p begin="00:45.311">g</p>
<p begin="00:45.411">ư</p>
<p begin="00:45.411">ờ</p>
<p begin="00:45.511">i </p>
<p begin="00:45.511">y</p>
<p begin="00:45.611">ê</p>
<p begin="00:45.711">u </p>
<p begin="00:45.911">ơ</p>
<p begin="00:46.211">i</p>
<p begin="00:46.611">!</p>
<p begin="00:47.011"></p>
</div>
<div style="b">
<p begin="00:47.111">T</p>
<p begin="00:47.111">r</p>
<p begin="00:47.211">o</p>
<p begin="00:47.211">n</p>
<p begin="00:47.311">g </p>
<p begin="00:47.311">t</p>
<p begin="00:47.411">ì</p>
<p begin="00:47.511">n</p>
<p begin="00:47.511">h </p>
<p begin="00:47.611">m</p>
<p begin="00:47.911">u</p>
<p begin="00:48.211">ộ</p>
<p begin="00:48.511">n</p>
<p begin="00:48.811"></p>
</div>
<div style="b">
<p begin="00:48.811">N</p>
<p begin="00:48.911">g</p>
<p begin="00:48.911">ư</p>
<p begin="00:49.011">ờ</p>
<p begin="00:49.011">i </p>
<p begin="00:49.111">y</p>
<p begin="00:49.211">ê</p>
<p begin="00:49.311">u </p>
<p begin="00:49.411">ơ</p>
<p begin="00:49.811">i</p>
<p begin="00:50.211">!</p>
<p begin="00:50.611"></p>
</div>
<div style="b">
<p begin="00:50.611">T</p>
<p begin="00:50.611">r</p>
<p begin="00:50.711">o</p>
<p begin="00:50.711">n</p>
<p begin="00:50.811">g </p>
<p begin="00:50.811">t</p>
<p begin="00:50.911">ì</p>
<p begin="00:51.011">n</p>
<p begin="00:51.011">h </p>
<p begin="00:51.111">b</p>
<p begin="00:51.411">u</p>
<p begin="00:51.711">ồ</p>
<p begin="00:52.011">n</p>
<p begin="00:52.311"></p>
</div>
<div style="b">
<p begin="00:52.311">T</p>
<p begin="00:52.411">r</p>
<p begin="00:52.411">ọ</p>
<p begin="00:52.511">n </p>
<p begin="00:52.611">t</p>
<p begin="00:52.711">ì</p>
<p begin="00:52.711">n</p>
<p begin="00:52.811">h </p>
<p begin="00:52.911">y</p>
<p begin="00:53.211">ê</p>
<p begin="00:53.511">u</p>
<p begin="00:53.811"></p>
</div>
<div style="b">
<p begin="00:53.811">t</p>
<p begin="00:54.011">a </p>
<p begin="00:54.111">đ</p>
<p begin="00:54.211">ã </p>
<p begin="00:54.411">t</p>
<p begin="00:54.411">r</p>
<p begin="00:54.511">a</p>
<p begin="00:54.611">o </p>
<p begin="00:54.711">n</p>
<p begin="00:54.911">h</p>
<p begin="00:55.111">a</p>
<p begin="00:55.311">u</p>
<p begin="00:55.611"></p>
</div>
<div style="b">
<p begin="00:55.611">h</p>
<p begin="00:55.711">ã</p>
<p begin="00:55.811">y </p>
<p begin="00:55.811">q</p>
<p begin="00:55.911">u</p>
<p begin="00:56.011">ê</p>
<p begin="00:56.011">n </p>
<p begin="00:56.111">n</p>
<p begin="00:56.211">i</p>
<p begin="00:56.311">ề</p>
<p begin="00:56.311">m </p>
<p begin="00:56.411">đ</p>
<p begin="00:56.811">a</p>
<p begin="00:57.211">u</p>
<p begin="00:57.711"></p>
</div>
<div style="b">
<p begin="00:59.411">T</p>
<p begin="00:59.411">h</p>
<p begin="00:59.511">ờ</p>
<p begin="00:59.611">i </p>
<p begin="00:59.711">g</p>
<p begin="00:59.711">i</p>
<p begin="00:59.811">a</p>
<p begin="00:59.911">n </p>
<p begin="00:59.911">ơ</p>
<p begin="01:00.311">i</p>
<p begin="01:00.711">!</p>
<p begin="01:01.211"></p>
</div>
<div style="b">
<p begin="01:01.211">X</p>
<p begin="01:01.211">i</p>
<p begin="01:01.311">n </p>
<p begin="01:01.411">d</p>
<p begin="01:01.511">ừ</p>
<p begin="01:01.511">n</p>
<p begin="01:01.611">g </p>
<p begin="01:01.711">l</p>
<p begin="01:02.111">ạ</p>
<p begin="01:02.511">i</p>
<p begin="01:02.911"></p>
</div>
<div style="b">
<p begin="01:02.911">T</p>
<p begin="01:03.011">h</p>
<p begin="01:03.011">ờ</p>
<p begin="01:03.111">i </p>
<p begin="01:03.211">g</p>
<p begin="01:03.311">i</p>
<p begin="01:03.311">a</p>
<p begin="01:03.411">n </p>
<p begin="01:03.511">ơ</p>
<p begin="01:03.911">i</p>
<p begin="01:04.211">!</p>
<p begin="01:04.711"></p>
</div>
<div style="b">
<p begin="01:04.711">X</p>
<p begin="01:04.811">i</p>
<p begin="01:04.911">n </p>
<p begin="01:05.011">d</p>
<p begin="01:05.011">ừ</p>
<p begin="01:05.111">n</p>
<p begin="01:05.211">g </p>
<p begin="01:05.311">l</p>
<p begin="01:05.611">ạ</p>
<p begin="01:05.911">i</p>
<p begin="01:06.111"></p>
</div>
<div style="b">
<p begin="01:06.211">c</p>
<p begin="01:06.211">h</p>
<p begin="01:06.311">o </p>
<p begin="01:06.411">đ</p>
<p begin="01:06.511">ô</p>
<p begin="01:06.611">i </p>
<p begin="01:06.711">t</p>
<p begin="01:06.811">ì</p>
<p begin="01:06.811">n</p>
<p begin="01:06.911">h </p>
<p begin="01:07.011">n</p>
<p begin="01:07.211">h</p>
<p begin="01:07.411">â</p>
<p begin="01:07.711">n</p>
<p begin="01:07.911"></p>
</div>
<div style="b">
<p begin="01:07.911">y</p>
<p begin="01:08.011">ê</p>
<p begin="01:08.111">u </p>
<p begin="01:08.211">t</p>
<p begin="01:08.211">r</p>
<p begin="01:08.311">o</p>
<p begin="01:08.311">n</p>
<p begin="01:08.411">g </p>
<p begin="01:08.511">m</p>
<p begin="01:08.611">u</p>
<p begin="01:08.611">ộ</p>
<p begin="01:08.711">n </p>
<p begin="01:08.811">m</p>
<p begin="01:09.011">à</p>
<p begin="01:09.211">n</p>
<p begin="01:09.411">g</p>
<p begin="01:09.611"></p>
</div>
<div style="b">
<p begin="01:09.611">đ</p>
<p begin="01:09.711">ừ</p>
<p begin="01:09.811">n</p>
<p begin="01:09.811">g </p>
<p begin="01:09.911">k</p>
<p begin="01:10.011">h</p>
<p begin="01:10.111">ó</p>
<p begin="01:10.111">c </p>
<p begin="01:10.211">l</p>
<p begin="01:10.411">y </p>
<p begin="01:10.611">t</p>
<p begin="01:10.711">a</p>
<p begin="01:10.911">n</p>
<p begin="01:11.111">.</p>
<p begin="01:11.311">.</p>
<p begin="01:11.511">.</p>
<p begin="01:11.911"></p>
</div>
<div style="b">
<p begin="01:13.811">Đ</p>
<p begin="01:13.911">ê</p>
<p begin="01:14.011">m </p>
<p begin="01:14.111">m</p>
<p begin="01:14.411">a</p>
<p begin="01:14.711">i </p>
<p begin="01:15.011">a</p>
<p begin="01:15.111">n</p>
<p begin="01:15.211">h </p>
<p begin="01:15.311">đ</p>
<p begin="01:15.411">ư</p>
<p begin="01:15.411">a </p>
<p begin="01:15.511">e</p>
<p begin="01:15.711">m </p>
<p begin="01:15.811">v</p>
<p begin="01:16.411">ề</p>
<p begin="01:16.911"></p>
</div>
<div style="b">
<p begin="01:17.311">Đ</p>
<p begin="01:17.411">ư</p>
<p begin="01:17.411">ờ</p>
<p begin="01:17.511">n</p>
<p begin="01:17.611">g </p>
<p begin="01:17.611">k</p>
<p begin="01:17.811">h</p>
<p begin="01:18.011">u</p>
<p begin="01:18.111">y</p>
<p begin="01:18.311">a</p>
<p begin="01:18.511"></p>
</div>
<div style="b">
<p begin="01:18.511">s</p>
<p begin="01:18.611">a</p>
<p begin="01:18.711">o </p>
<p begin="01:18.811">t</p>
<p begin="01:18.911">r</p>
<p begin="01:18.911">ờ</p>
<p begin="01:19.011">i </p>
<p begin="01:19.111">l</p>
<p begin="01:19.211">ấ</p>
<p begin="01:19.311">p </p>
<p begin="01:19.411">l</p>
<p begin="01:19.711">á</p>
<p begin="01:20.011">n</p>
<p begin="01:20.211">h</p>
<p begin="01:20.711"></p>
</div>
<div style="b">
<p begin="01:20.911">Đ</p>
<p begin="01:21.011">ê</p>
<p begin="01:21.111">m </p>
<p begin="01:21.211">m</p>
<p begin="01:21.511">a</p>
<p begin="01:21.711">i </p>
<p begin="01:22.011">a</p>
<p begin="01:22.111">n</p>
<p begin="01:22.211">h </p>
<p begin="01:22.311">đ</p>
<p begin="01:22.411">ư</p>
<p begin="01:22.511">a </p>
<p begin="01:22.611">e</p>
<p begin="01:22.711">m </p>
<p begin="01:22.911">v</p>
<p begin="01:23.511">ề</p>
<p begin="01:23.911"></p>
</div>
<div style="b">
<p begin="01:24.411">M</p>
<p begin="01:24.511">ắ</p>
<p begin="01:24.611">t </p>
<p begin="01:24.711">e</p>
<p begin="01:25.111">m </p>
<p begin="01:25.611">s</p>
<p begin="01:25.711">a</p>
<p begin="01:25.811">o </p>
<p begin="01:25.911">c</p>
<p begin="01:25.911">h</p>
<p begin="01:26.011">i</p>
<p begin="01:26.011">ế</p>
<p begin="01:26.111">u</p>
<p begin="01:26.111"></p>
</div>
<div style="b">
<p begin="01:26.211">l</p>
<p begin="01:26.211">o</p>
<p begin="01:26.311">n</p>
<p begin="01:26.411">g </p>
<p begin="01:26.411">l</p>
<p begin="01:26.711">a</p>
<p begin="01:26.911">n</p>
<p begin="01:27.111">h</p>
<p begin="01:27.411">.</p>
<p begin="01:27.811"></p>
</div>
<div style="b">
<p begin="01:27.911">Đ</p>
<p begin="01:28.011">ê</p>
<p begin="01:28.111">m </p>
<p begin="01:28.211">m</p>
<p begin="01:28.511">a</p>
<p begin="01:28.811">i </p>
<p begin="01:29.111">a</p>
<p begin="01:29.211">n</p>
<p begin="01:29.311">h </p>
<p begin="01:29.411">đ</p>
<p begin="01:29.511">ư</p>
<p begin="01:29.611">a </p>
<p begin="01:29.711">e</p>
<p begin="01:29.811">m </p>
<p begin="01:29.911">v</p>
<p begin="01:30.511">ề</p>
<p begin="01:31.011"></p>
</div>
<div style="b">
<p begin="01:31.411">T</p>
<p begin="01:31.511">ì</p>
<p begin="01:31.611">n</p>
<p begin="01:31.711">h </p>
<p begin="01:31.711">y</p>
<p begin="01:32.111">ê</p>
<p begin="01:32.411">u</p>
<p begin="01:32.711"></p>
</div>
<div style="b">
<p begin="01:32.711">b</p>
<p begin="01:32.811">â</p>
<p begin="01:32.911">y </p>
<p begin="01:33.011">g</p>
<p begin="01:33.011">i</p>
<p begin="01:33.111">ờ </p>
<p begin="01:33.211">l</p>
<p begin="01:33.311">ê</p>
<p begin="01:33.411">n </p>
<p begin="01:33.511">n</p>
<p begin="01:33.811">g</p>
<p begin="01:34.011">ô</p>
<p begin="01:34.211">i</p>
<p begin="01:34.511">.</p>
<p begin="01:34.911"></p>
</div>
<div style="b">
<p begin="01:34.911">Đ</p>
<p begin="01:35.011">ê</p>
<p begin="01:35.211">m </p>
<p begin="01:35.311">m</p>
<p begin="01:35.611">a</p>
<p begin="01:35.911">i </p>
<p begin="01:36.211">a</p>
<p begin="01:36.311">n</p>
<p begin="01:36.311">h </p>
<p begin="01:36.411">đ</p>
<p begin="01:36.511">ư</p>
<p begin="01:36.611">a </p>
<p begin="01:36.711">e</p>
<p begin="01:36.911">m </p>
<p begin="01:37.011">v</p>
<p begin="01:37.611">ề</p>
<p begin="01:38.111"></p>
</div>
<div style="b">
<p begin="01:38.511">Â</p>
<p begin="01:38.611">n </p>
<p begin="01:38.811">t</p>
<p begin="01:39.011">ì</p>
<p begin="01:39.211">n</p>
<p begin="01:39.411">h </p>
<p begin="01:39.611">t</p>
<p begin="01:39.811">ô </p>
<p begin="01:39.911">t</p>
<p begin="01:40.011">h</p>
<p begin="01:40.111">ắ</p>
<p begin="01:40.111">m </p>
<p begin="01:40.211">b</p>
<p begin="01:40.411">ờ </p>
<p begin="01:40.511">m</p>
<p begin="01:40.911">ô</p>
<p begin="01:41.311">i</p>
<p begin="01:41.811"></p>
</div>
<div style="b">
<p begin="01:56.111">Đ</p>
<p begin="01:56.211">ê</p>
<p begin="01:56.311">m </p>
<p begin="01:56.411">n</p>
<p begin="01:56.711">a</p>
<p begin="01:57.011">y </p>
<p begin="01:57.311">a</p>
<p begin="01:57.511">i </p>
<p begin="01:57.611">đ</p>
<p begin="01:57.711">ư</p>
<p begin="01:57.811">a </p>
<p begin="01:57.911">e</p>
<p begin="01:58.011">m </p>
<p begin="01:58.211">v</p>
<p begin="01:58.511">ề</p>
<p begin="01:58.911">?</p>
<p begin="01:59.411"></p>
</div>
<div style="b">
<p begin="01:59.611">M</p>
<p begin="01:59.711">ì</p>
<p begin="01:59.811">n</p>
<p begin="01:59.911">h </p>
<p begin="02:00.011">e</p>
<p begin="02:00.411">m </p>
<p begin="02:00.911">t</p>
<p begin="02:00.911">r</p>
<p begin="02:01.011">ê</p>
<p begin="02:01.111">n</p>
<p begin="02:01.111"></p>
</div>
<div style="b">
<p begin="02:01.211">h</p>
<p begin="02:01.311">è </p>
<p begin="02:01.411">p</p>
<p begin="02:01.511">h</p>
<p begin="02:01.611">ố </p>
<p begin="02:01.711">v</p>
<p begin="02:02.011">ắ</p>
<p begin="02:02.211">n</p>
<p begin="02:02.411">g</p>
<p begin="02:02.711">.</p>
<p begin="02:03.111"></p>
</div>
<div style="b">
<p begin="02:03.211">Đ</p>
<p begin="02:03.311">ê</p>
<p begin="02:03.411">m </p>
<p begin="02:03.511">n</p>
<p begin="02:03.811">a</p>
<p begin="02:04.111">y </p>
<p begin="02:04.411">a</p>
<p begin="02:04.511">i </p>
<p begin="02:04.711">đ</p>
<p begin="02:04.811">ư</p>
<p begin="02:04.811">a </p>
<p begin="02:04.911">e</p>
<p begin="02:05.111">m </p>
<p begin="02:05.211">v</p>
<p begin="02:05.611">ề</p>
<p begin="02:06.011">?</p>
<p begin="02:06.411"></p>
</div>
<div style="b">
<p begin="02:06.611">M</p>
<p begin="02:06.711">ắ</p>
<p begin="02:06.811">t </p>
<p begin="02:07.011">e</p>
<p begin="02:07.411">m </p>
<p begin="02:07.911">l</p>
<p begin="02:08.111">ệ </p>
<p begin="02:08.211">ư</p>
<p begin="02:08.311">ớ</p>
<p begin="02:08.411">t</p>
<p begin="02:08.511"></p>
</div>
<div style="b">
<p begin="02:08.511">l</p>
<p begin="02:08.611">o</p>
<p begin="02:08.611">n</p>
<p begin="02:08.711">g </p>
<p begin="02:08.811">l</p>
<p begin="02:09.011">a</p>
<p begin="02:09.311">n</p>
<p begin="02:09.511">h</p>
<p begin="02:09.711">.</p>
<p begin="02:10.211"></p>
</div>
<div style="b">
<p begin="02:10.311">Đ</p>
<p begin="02:10.411">ê</p>
<p begin="02:10.511">m </p>
<p begin="02:10.611">n</p>
<p begin="02:10.911">a</p>
<p begin="02:11.111">y </p>
<p begin="02:11.511">a</p>
<p begin="02:11.611">i </p>
<p begin="02:11.711">đ</p>
<p begin="02:11.811">ư</p>
<p begin="02:11.911">a </p>
<p begin="02:12.011">e</p>
<p begin="02:12.111">m </p>
<p begin="02:12.311">v</p>
<p begin="02:12.711">ề</p>
<p begin="02:13.111">?</p>
<p begin="02:13.511"></p>
</div>
<div style="b">
<p begin="02:13.711">N</p>
<p begin="02:13.811">g</p>
<p begin="02:13.911">ư</p>
<p begin="02:13.911">ờ</p>
<p begin="02:14.011">i </p>
<p begin="02:14.111">ơ</p>
<p begin="02:14.511">i </p>
<p begin="02:15.011">x</p>
<p begin="02:15.111">i</p>
<p begin="02:15.211">n</p>
<p begin="02:15.311"></p>
</div>
<div style="b">
<p begin="02:15.311">đ</p>
<p begin="02:15.311">ừ</p>
<p begin="02:15.411">n</p>
<p begin="02:15.511">g </p>
<p begin="02:15.611">h</p>
<p begin="02:15.711">ờ</p>
<p begin="02:15.711">n </p>
<p begin="02:15.911">d</p>
<p begin="02:16.111">ỗ</p>
<p begin="02:16.411">i</p>
<p begin="02:16.711">.</p>
<p begin="02:17.211"></p>
</div>
<div style="b">
<p begin="02:17.311">Đ</p>
<p begin="02:17.411">ê</p>
<p begin="02:17.511">m </p>
<p begin="02:17.611">n</p>
<p begin="02:17.911">a</p>
<p begin="02:18.211">y </p>
<p begin="02:18.511">c</p>
<p begin="02:18.611">ô </p>
<p begin="02:18.811">đ</p>
<p begin="02:18.911">ơ</p>
<p begin="02:19.011">n </p>
<p begin="02:19.111">đ</p>
<p begin="02:19.211">i </p>
<p begin="02:19.411">v</p>
<p begin="02:19.711">ề</p>
<p begin="02:20.111">!</p>
<p begin="02:20.611"></p>
</div>
<div style="b">
<p begin="02:20.811">X</p>
<p begin="02:20.911">i</p>
<p begin="02:21.011">n </p>
<p begin="02:21.111">n</p>
<p begin="02:21.311">g</p>
<p begin="02:21.511">ư</p>
<p begin="02:21.611">ờ</p>
<p begin="02:21.811">i </p>
<p begin="02:22.011">h</p>
<p begin="02:22.111">ã</p>
<p begin="02:22.211">y </p>
<p begin="02:22.311">n</p>
<p begin="02:22.411">h</p>
<p begin="02:22.511">ớ</p>
<p begin="02:22.611"></p>
</div>
<div style="b">
<p begin="02:22.611">t</p>
<p begin="02:22.711">ì</p>
<p begin="02:22.711">n</p>
<p begin="02:22.811">h </p>
<p begin="02:22.911">t</p>
<p begin="02:23.211">ô</p>
<p begin="02:23.411">i</p>
<p begin="02:23.711">.</p>
<p begin="02:24.111"></p>
</div>
<div style="b">
<p begin="02:24.111">N</p>
<p begin="02:24.211">g</p>
<p begin="02:24.211">ư</p>
<p begin="02:24.311">ờ</p>
<p begin="02:24.311">i </p>
<p begin="02:24.411">y</p>
<p begin="02:24.511">ê</p>
<p begin="02:24.611">u </p>
<p begin="02:24.711">ơ</p>
<p begin="02:25.111">i</p>
<p begin="02:25.411">!</p>
<p begin="02:25.911"></p>
</div>
<div style="b">
<p begin="02:25.911">T</p>
<p begin="02:25.911">r</p>
<p begin="02:26.011">o</p>
<p begin="02:26.011">n</p>
<p begin="02:26.111">g </p>
<p begin="02:26.211">t</p>
<p begin="02:26.211">ì</p>
<p begin="02:26.311">n</p>
<p begin="02:26.411">h </p>
<p begin="02:26.511">m</p>
<p begin="02:26.711">u</p>
<p begin="02:27.011">ộ</p>
<p begin="02:27.311">n</p>
<p begin="02:27.611"></p>
</div>
<div style="b">
<p begin="02:27.611">N</p>
<p begin="02:27.711">g</p>
<p begin="02:27.711">ư</p>
<p begin="02:27.811">ờ</p>
<p begin="02:27.811">i </p>
<p begin="02:27.911">y</p>
<p begin="02:28.011">ê</p>
<p begin="02:28.111">u </p>
<p begin="02:28.211">ơ</p>
<p begin="02:28.611">i</p>
<p begin="02:29.011">!</p>
<p begin="02:29.411"></p>
</div>
<div style="b">
<p begin="02:29.411">T</p>
<p begin="02:29.511">r</p>
<p begin="02:29.511">o</p>
<p begin="02:29.611">n</p>
<p begin="02:29.611">g </p>
<p begin="02:29.711">t</p>
<p begin="02:29.711">ì</p>
<p begin="02:29.811">n</p>
<p begin="02:29.911">h </p>
<p begin="02:30.011">b</p>
<p begin="02:30.311">u</p>
<p begin="02:30.511">ồ</p>
<p begin="02:30.811">n</p>
<p begin="02:31.111"></p>
</div>
<div style="b">
<p begin="02:31.111">T</p>
<p begin="02:31.211">r</p>
<p begin="02:31.311">ọ</p>
<p begin="02:31.311">n </p>
<p begin="02:31.411">t</p>
<p begin="02:31.511">ì</p>
<p begin="02:31.511">n</p>
<p begin="02:31.611">h </p>
<p begin="02:31.711">y</p>
<p begin="02:32.011">ê</p>
<p begin="02:32.311">u</p>
<p begin="02:32.611"></p>
</div>
<div style="b">
<p begin="02:32.711">t</p>
<p begin="02:32.811">a </p>
<p begin="02:32.911">đ</p>
<p begin="02:33.111">ã </p>
<p begin="02:33.211">t</p>
<p begin="02:33.311">r</p>
<p begin="02:33.311">a</p>
<p begin="02:33.411">o </p>
<p begin="02:33.511">n</p>
<p begin="02:33.711">h</p>
<p begin="02:33.911">a</p>
<p begin="02:34.211">u</p>
<p begin="02:34.411"></p>
</div>
<div style="b">
<p begin="02:34.411">h</p>
<p begin="02:34.511">ã</p>
<p begin="02:34.611">y </p>
<p begin="02:34.711">q</p>
<p begin="02:34.711">u</p>
<p begin="02:34.811">ê</p>
<p begin="02:34.911">n </p>
<p begin="02:34.911">n</p>
<p begin="02:35.011">i</p>
<p begin="02:35.111">ề</p>
<p begin="02:35.111">m </p>
<p begin="02:35.311">đ</p>
<p begin="02:35.611">a</p>
<p begin="02:36.011">u</p>
<p begin="02:36.511"></p>
</div>
<div style="b">
<p begin="02:38.211">T</p>
<p begin="02:38.311">h</p>
<p begin="02:38.311">ờ</p>
<p begin="02:38.411">i </p>
<p begin="02:38.511">g</p>
<p begin="02:38.511">i</p>
<p begin="02:38.611">a</p>
<p begin="02:38.711">n </p>
<p begin="02:38.811">ơ</p>
<p begin="02:39.211">i</p>
<p begin="02:39.511">!</p>
<p begin="02:40.011"></p>
</div>
<div style="b">
<p begin="02:40.011">X</p>
<p begin="02:40.111">i</p>
<p begin="02:40.111">n </p>
<p begin="02:40.211">d</p>
<p begin="02:40.311">ừ</p>
<p begin="02:40.411">n</p>
<p begin="02:40.411">g </p>
<p begin="02:40.511">l</p>
<p begin="02:40.911">ạ</p>
<p begin="02:41.311">i</p>
<p begin="02:41.711"></p>
</div>
<div style="b">
<p begin="02:41.711">T</p>
<p begin="02:41.811">h</p>
<p begin="02:41.911">ờ</p>
<p begin="02:41.911">i </p>
<p begin="02:42.011">g</p>
<p begin="02:42.111">i</p>
<p begin="02:42.111">a</p>
<p begin="02:42.211">n </p>
<p begin="02:42.311">ơ</p>
<p begin="02:42.711">i</p>
<p begin="02:43.111">!</p>
<p begin="02:43.511"></p>
</div>
<div style="b">
<p begin="02:43.511">X</p>
<p begin="02:43.611">i</p>
<p begin="02:43.711">n </p>
<p begin="02:43.811">d</p>
<p begin="02:43.911">ừ</p>
<p begin="02:43.911">n</p>
<p begin="02:44.011">g </p>
<p begin="02:44.111">l</p>
<p begin="02:44.411">ạ</p>
<p begin="02:44.711">i</p>
<p begin="02:45.011"></p>
</div>
<div style="b">
<p begin="02:45.011">c</p>
<p begin="02:45.111">h</p>
<p begin="02:45.111">o </p>
<p begin="02:45.311">đ</p>
<p begin="02:45.311">ô</p>
<p begin="02:45.411">i </p>
<p begin="02:45.511">t</p>
<p begin="02:45.611">ì</p>
<p begin="02:45.711">n</p>
<p begin="02:45.711">h </p>
<p begin="02:45.811">n</p>
<p begin="02:46.111">h</p>
<p begin="02:46.311">â</p>
<p begin="02:46.511">n</p>
<p begin="02:46.711"></p>
</div>
<div style="b">
<p begin="02:46.711">y</p>
<p begin="02:46.811">ê</p>
<p begin="02:46.911">u </p>
<p begin="02:47.011">t</p>
<p begin="02:47.111">r</p>
<p begin="02:47.111">o</p>
<p begin="02:47.211">n</p>
<p begin="02:47.211">g </p>
<p begin="02:47.311">m</p>
<p begin="02:47.411">u</p>
<p begin="02:47.511">ộ</p>
<p begin="02:47.511">n </p>
<p begin="02:47.611">m</p>
<p begin="02:47.811">à</p>
<p begin="02:48.011">n</p>
<p begin="02:48.211">g</p>
<p begin="02:48.511"></p>
</div>
<div style="b">
<p begin="02:48.511">đ</p>
<p begin="02:48.511">ừ</p>
<p begin="02:48.611">n</p>
<p begin="02:48.711">g </p>
<p begin="02:48.811">k</p>
<p begin="02:48.811">h</p>
<p begin="02:48.911">ó</p>
<p begin="02:49.011">c </p>
<p begin="02:49.111">l</p>
<p begin="02:49.211">y </p>
<p begin="02:49.411">t</p>
<p begin="02:49.611">a</p>
<p begin="02:49.811">n</p>
<p begin="02:49.911">.</p>
<p begin="02:50.111">.</p>
<p begin="02:50.311">.</p>
<p begin="02:50.811"></p>
</div>
<div style="b">
<p begin="02:52.611">Đ</p>
<p begin="02:52.711">ê</p>
<p begin="02:52.811">m </p>
<p begin="02:52.911">m</p>
<p begin="02:53.211">a</p>
<p begin="02:53.511">i </p>
<p begin="02:53.811">a</p>
<p begin="02:53.911">n</p>
<p begin="02:54.011">h </p>
<p begin="02:54.111">đ</p>
<p begin="02:54.211">ư</p>
<p begin="02:54.311">a </p>
<p begin="02:54.311">e</p>
<p begin="02:54.511">m </p>
<p begin="02:54.711">v</p>
<p begin="02:55.211">ề</p>
<p begin="02:55.711"></p>
</div>
<div style="b">
<p begin="02:56.111">Đ</p>
<p begin="02:56.211">ư</p>
<p begin="02:56.211">ờ</p>
<p begin="02:56.311">n</p>
<p begin="02:56.311">g </p>
<p begin="02:56.411">k</p>
<p begin="02:56.611">h</p>
<p begin="02:56.811">u</p>
<p begin="02:56.911">y</p>
<p begin="02:57.111">a</p>
<p begin="02:57.311"></p>
</div>
<div style="b">
<p begin="02:57.311">s</p>
<p begin="02:57.411">a</p>
<p begin="02:57.511">o </p>
<p begin="02:57.611">t</p>
<p begin="02:57.711">r</p>
<p begin="02:57.811">ờ</p>
<p begin="02:57.811">i </p>
<p begin="02:57.911">l</p>
<p begin="02:58.011">ấ</p>
<p begin="02:58.111">p </p>
<p begin="02:58.211">l</p>
<p begin="02:58.511">á</p>
<p begin="02:58.811">n</p>
<p begin="02:59.111">h</p>
<p begin="02:59.511"></p>
</div>
<div style="b">
<p begin="02:59.711">Đ</p>
<p begin="02:59.811">ê</p>
<p begin="02:59.911">m </p>
<p begin="03:00.011">m</p>
<p begin="03:00.311">a</p>
<p begin="03:00.611">i </p>
<p begin="03:00.911">a</p>
<p begin="03:01.011">n</p>
<p begin="03:01.011">h </p>
<p begin="03:01.111">đ</p>
<p begin="03:01.211">ư</p>
<p begin="03:01.311">a </p>
<p begin="03:01.411">e</p>
<p begin="03:01.611">m </p>
<p begin="03:01.711">v</p>
<p begin="03:02.311">ề</p>
<p begin="03:02.711"></p>
</div>
<div style="b">
<p begin="03:03.211">M</p>
<p begin="03:03.311">ắ</p>
<p begin="03:03.411">t </p>
<p begin="03:03.511">e</p>
<p begin="03:03.911">m </p>
<p begin="03:04.411">s</p>
<p begin="03:04.511">a</p>
<p begin="03:04.611">o </p>
<p begin="03:04.711">c</p>
<p begin="03:04.711">h</p>
<p begin="03:04.811">i</p>
<p begin="03:04.811">ế</p>
<p begin="03:04.911">u</p>
<p begin="03:05.011"></p>
</div>
<div style="b">
<p begin="03:05.011">l</p>
<p begin="03:05.011">o</p>
<p begin="03:05.111">n</p>
<p begin="03:05.211">g </p>
<p begin="03:05.311">l</p>
<p begin="03:05.511">a</p>
<p begin="03:05.711">n</p>
<p begin="03:06.011">h</p>
<p begin="03:06.211">.</p>
<p begin="03:06.611"></p>
</div>
<div style="b">
<p begin="03:06.711">Đ</p>
<p begin="03:06.811">ê</p>
<p begin="03:06.911">m </p>
<p begin="03:07.011">m</p>
<p begin="03:07.311">a</p>
<p begin="03:07.611">i </p>
<p begin="03:07.911">a</p>
<p begin="03:08.011">n</p>
<p begin="03:08.111">h </p>
<p begin="03:08.211">đ</p>
<p begin="03:08.311">ư</p>
<p begin="03:08.411">a </p>
<p begin="03:08.511">e</p>
<p begin="03:08.611">m </p>
<p begin="03:08.811">v</p>
<p begin="03:09.311">ề</p>
<p begin="03:09.811"></p>
</div>
<div style="b">
<p begin="03:10.211">T</p>
<p begin="03:10.311">ì</p>
<p begin="03:10.411">n</p>
<p begin="03:10.511">h </p>
<p begin="03:10.611">y</p>
<p begin="03:10.911">ê</p>
<p begin="03:11.211">u</p>
<p begin="03:11.511"></p>
</div>
<div style="b">
<p begin="03:11.511">b</p>
<p begin="03:11.611">â</p>
<p begin="03:11.711">y </p>
<p begin="03:11.811">g</p>
<p begin="03:11.911">i</p>
<p begin="03:11.911">ờ </p>
<p begin="03:12.111">l</p>
<p begin="03:12.111">ê</p>
<p begin="03:12.211">n </p>
<p begin="03:12.311">n</p>
<p begin="03:12.611">g</p>
<p begin="03:12.811">ô</p>
<p begin="03:13.011">i</p>
<p begin="03:13.311">.</p>
<p begin="03:13.711"></p>
</div>
<div style="b">
<p begin="03:13.711">Đ</p>
<p begin="03:13.911">ê</p>
<p begin="03:14.011">m </p>
<p begin="03:14.111">m</p>
<p begin="03:14.411">a</p>
<p begin="03:14.711">i </p>
<p begin="03:15.011">a</p>
<p begin="03:15.111">n</p>
<p begin="03:15.211">h </p>
<p begin="03:15.311">đ</p>
<p begin="03:15.311">ư</p>
<p begin="03:15.411">a </p>
<p begin="03:15.511">e</p>
<p begin="03:15.711">m </p>
<p begin="03:15.811">v</p>
<p begin="03:16.411">ề</p>
<p begin="03:16.911"></p>
</div>
<div style="b">
<p begin="03:17.311">Â</p>
<p begin="03:17.411">n </p>
<p begin="03:17.611">t</p>
<p begin="03:17.811">ì</p>
<p begin="03:18.011">n</p>
<p begin="03:18.211">h </p>
<p begin="03:18.411">t</p>
<p begin="03:18.611">ô </p>
<p begin="03:18.811">t</p>
<p begin="03:18.811">h</p>
<p begin="03:18.911">ắ</p>
<p begin="03:19.011">m </p>
<p begin="03:19.011">b</p>
<p begin="03:19.211">ờ </p>
<p begin="03:19.411">m</p>
<p begin="03:19.711">ô</p>
<p begin="03:20.111">i</p>
<p begin="03:20.611"></p>
</div>
<div style="b">
<p begin="03:20.911">Đ</p>
<p begin="03:21.011">ê</p>
<p begin="03:21.111">m </p>
<p begin="03:21.211">m</p>
<p begin="03:21.511">a</p>
<p begin="03:21.811">i </p>
<p begin="03:22.111">a</p>
<p begin="03:22.211">n</p>
<p begin="03:22.211">h </p>
<p begin="03:22.311">đ</p>
<p begin="03:22.411">ư</p>
<p begin="03:22.511">a </p>
<p begin="03:22.611">e</p>
<p begin="03:22.811">m </p>
<p begin="03:22.911">v</p>
<p begin="03:23.511">ề</p>
<p begin="03:24.011"></p>
</div>
<div style="b">
<p begin="03:24.311">Â</p>
<p begin="03:24.511">n </p>
<p begin="03:24.611">t</p>
<p begin="03:24.911">ì</p>
<p begin="03:25.111">n</p>
<p begin="03:25.311">h </p>
<p begin="03:25.611">t</p>
<p begin="03:25.711">ô </p>
<p begin="03:25.811">t</p>
<p begin="03:25.911">h</p>
<p begin="03:26.011">ắ</p>
<p begin="03:26.011">m </p>
<p begin="03:26.211">b</p>
<p begin="03:26.311">ờ </p>
<p begin="03:26.411">m</p>
<p begin="03:26.811">ô</p>
<p begin="03:27.211">i</p>
<p begin="03:27.711"></p>
</div>
<div style="b">
<p begin="03:27.911">Đ</p>
<p begin="03:28.011">ê</p>
<p begin="03:28.111">m </p>
<p begin="03:28.211">m</p>
<p begin="03:28.511">a</p>
<p begin="03:28.811">i </p>
<p begin="03:29.111">a</p>
<p begin="03:29.211">n</p>
<p begin="03:29.311">h </p>
<p begin="03:29.411">đ</p>
<p begin="03:29.511">ư</p>
<p begin="03:29.611">a </p>
<p begin="03:29.711">e</p>
<p begin="03:29.811">m </p>
<p begin="03:30.011">v</p>
<p begin="03:30.611">ề</p>
<p begin="03:31.011"></p>
</div>
<div style="b">
<p begin="03:31.411">Â</p>
<p begin="03:31.511">n </p>
<p begin="03:31.711">t</p>
<p begin="03:31.911">ì</p>
<p begin="03:32.111">n</p>
<p begin="03:32.411">h </p>
<p begin="03:32.611">t</p>
<p begin="03:32.811">ô </p>
<p begin="03:32.911">t</p>
<p begin="03:33.011">h</p>
<p begin="03:33.011">ắ</p>
<p begin="03:33.111">m </p>
<p begin="03:33.211">b</p>
<p begin="03:33.311">ờ </p>
<p begin="03:33.511">m</p>
<p begin="03:33.811">ô</p>
<p begin="03:34.211">i</p>
<p begin="03:34.711" dur="3000"></p>
</div>
</body>
</tt>
