﻿<tt xml:lang="vi" 
	xmlns="http://www.w3.org/ns/ttml"
    xmlns:tts="http://www.w3.org/ns/ttml#styling"
    xmlns:ttm="http://www.w3.org/ns/ttml#metadata"
    xmlns:kar="http://code.google.com/p/as3-karaoke-player">
	<head>
		<metadata>
			<ttm:title><![CDATA[Bài Hát: Ai Đưa Em Về]]></ttm:title>
			<ttm:desc><![CDATA[Ca Sĩ: Chưa Biết]]></ttm:desc>
			<ttm:copyright>Copyright (C) 2010 Thanh Tran - trongthanh@gmail.com</ttm:copyright>
			<kar:audio>http://k007.kiwi6.com/hotlink/xo98kqna8j/Ai_Dua_em_Ve_-_828038.mp3
			</kar:audio>
			<!--Convert Zing Star to AS3 Karaoke by tuantiens1981@gmail.com-->
		</metadata>
	</head>
<body>
<div style="m">
<p begin="00:17.311">Đêm nay ai đưa em về?</p>
</div>
<div style="m">
<p begin="00:20.811">Mình em trên</p>
</div>
<div style="m">
<p begin="00:22.311">hè phố vắng.</p>
</div>
<div style="m">
<p begin="00:24.411">Đêm nay ai đưa em về?</p>
</div>
<div style="m">
<p begin="00:27.811">Mắt em lệ ướt</p>
</div>
<div style="m">
<p begin="00:29.711">long lanh.</p>
</div>
<div style="m">
<p begin="00:31.511">Đêm nay ai đưa em về?</p>
</div>
<div style="m">
<p begin="00:34.911">Người ơi xin</p>
</div>
<div style="m">
<p begin="00:36.511">đừng hờn dỗi.</p>
</div>
<div style="m">
<p begin="00:38.511">Đêm nay cô đơn đi về!</p>
</div>
<div style="m">
<p begin="00:42.011">Xin người hãy nhớ</p>
</div>
<div style="m">
<p begin="00:43.811">tình tôi.</p>
</div>
<div style="m">
<p begin="00:45.311">Người yêu ơi!</p>
</div>
<div style="m">
<p begin="00:47.111">Trong tình muộn</p>
</div>
<div style="m">
<p begin="00:48.811">Người yêu ơi!</p>
</div>
<div style="m">
<p begin="00:50.611">Trong tình buồn</p>
</div>
<div style="m">
<p begin="00:52.311">Trọn tình yêu</p>
</div>
<div style="m">
<p begin="00:53.811">ta đã trao nhau</p>
</div>
<div style="m">
<p begin="00:55.611">hãy quên niềm đau</p>
</div>
<div style="m">
<p begin="00:59.411">Thời gian ơi!</p>
</div>
<div style="m">
<p begin="01:01.211">Xin dừng lại</p>
</div>
<div style="m">
<p begin="01:02.911">Thời gian ơi!</p>
</div>
<div style="m">
<p begin="01:04.711">Xin dừng lại</p>
</div>
<div style="m">
<p begin="01:06.211">cho đôi tình nhân</p>
</div>
<div style="m">
<p begin="01:07.911">yêu trong muộn màng</p>
</div>
<div style="m">
<p begin="01:09.611">đừng khóc ly tan...</p>
</div>
<div style="m">
<p begin="01:13.811">Đêm mai anh đưa em về</p>
</div>
<div style="m">
<p begin="01:17.311">Đường khuya</p>
</div>
<div style="m">
<p begin="01:18.511">sao trời lấp lánh</p>
</div>
<div style="m">
<p begin="01:20.911">Đêm mai anh đưa em về</p>
</div>
<div style="m">
<p begin="01:24.411">Mắt em sao chiếu</p>
</div>
<div style="m">
<p begin="01:26.211">long lanh.</p>
</div>
<div style="m">
<p begin="01:27.911">Đêm mai anh đưa em về</p>
</div>
<div style="m">
<p begin="01:31.411">Tình yêu</p>
</div>
<div style="m">
<p begin="01:32.711">bây giờ lên ngôi.</p>
</div>
<div style="m">
<p begin="01:34.911">Đêm mai anh đưa em về</p>
</div>
<div style="m">
<p begin="01:38.511">Ân tình tô thắm bờ môi</p>
</div>
<div style="m">
<p begin="01:56.111">Đêm nay ai đưa em về?</p>
</div>
<div style="m">
<p begin="01:59.611">Mình em trên</p>
</div>
<div style="m">
<p begin="02:01.211">hè phố vắng.</p>
</div>
<div style="m">
<p begin="02:03.211">Đêm nay ai đưa em về?</p>
</div>
<div style="m">
<p begin="02:06.611">Mắt em lệ ướt</p>
</div>
<div style="m">
<p begin="02:08.511">long lanh.</p>
</div>
<div style="m">
<p begin="02:10.311">Đêm nay ai đưa em về?</p>
</div>
<div style="m">
<p begin="02:13.711">Người ơi xin</p>
</div>
<div style="m">
<p begin="02:15.311">đừng hờn dỗi.</p>
</div>
<div style="m">
<p begin="02:17.311">Đêm nay cô đơn đi về!</p>
</div>
<div style="m">
<p begin="02:20.811">Xin người hãy nhớ</p>
</div>
<div style="m">
<p begin="02:22.611">tình tôi.</p>
</div>
<div style="m">
<p begin="02:24.111">Người yêu ơi!</p>
</div>
<div style="m">
<p begin="02:25.911">Trong tình muộn</p>
</div>
<div style="m">
<p begin="02:27.611">Người yêu ơi!</p>
</div>
<div style="m">
<p begin="02:29.411">Trong tình buồn</p>
</div>
<div style="m">
<p begin="02:31.111">Trọn tình yêu</p>
</div>
<div style="m">
<p begin="02:32.711">ta đã trao nhau</p>
</div>
<div style="m">
<p begin="02:34.411">hãy quên niềm đau</p>
</div>
<div style="m">
<p begin="02:38.211">Thời gian ơi!</p>
</div>
<div style="m">
<p begin="02:40.011">Xin dừng lại</p>
</div>
<div style="m">
<p begin="02:41.711">Thời gian ơi!</p>
</div>
<div style="m">
<p begin="02:43.511">Xin dừng lại</p>
</div>
<div style="m">
<p begin="02:45.011">cho đôi tình nhân</p>
</div>
<div style="m">
<p begin="02:46.711">yêu trong muộn màng</p>
</div>
<div style="m">
<p begin="02:48.511">đừng khóc ly tan...</p>
</div>
<div style="m">
<p begin="02:52.611">Đêm mai anh đưa em về</p>
</div>
<div style="m">
<p begin="02:56.111">Đường khuya</p>
</div>
<div style="m">
<p begin="02:57.311">sao trời lấp lánh</p>
</div>
<div style="m">
<p begin="02:59.711">Đêm mai anh đưa em về</p>
</div>
<div style="m">
<p begin="03:03.211">Mắt em sao chiếu</p>
</div>
<div style="m">
<p begin="03:05.011">long lanh.</p>
</div>
<div style="m">
<p begin="03:06.711">Đêm mai anh đưa em về</p>
</div>
<div style="m">
<p begin="03:10.211">Tình yêu</p>
</div>
<div style="m">
<p begin="03:11.511">bây giờ lên ngôi.</p>
</div>
<div style="m">
<p begin="03:13.711">Đêm mai anh đưa em về</p>
</div>
<div style="m">
<p begin="03:17.311">Ân tình tô thắm bờ môi</p>
</div>
<div style="m">
<p begin="03:20.911">Đêm mai anh đưa em về</p>
</div>
<div style="m">
<p begin="03:24.311">Ân tình tô thắm bờ môi</p>
</div>
<div style="m">
<p begin="03:27.911">Đêm mai anh đưa em về</p>
</div>
<div style="m">
<p begin="03:31.411" dur="3000">Ân tình tô thắm bờ môi</p>
</div>
</body>
</tt>
