<tt xml:lang="vi" 
	xmlns="http://www.w3.org/ns/ttml"
    xmlns:tts="http://www.w3.org/ns/ttml#styling"
    xmlns:ttm="http://www.w3.org/ns/ttml#metadata"
    xmlns:kar="http://code.google.com/p/as3-karaoke-player"> 
	<head>
		<metadata>
			<ttm:title><![CDATA[Bài Hát: All That I Need]]></ttm:title>
			<ttm:desc><![CDATA[Ca Sĩ: BoyZone]]></ttm:desc>
			<ttm:copyright>Copyright (C) 2010 Thanh Tran - trongthanh@gmail.com</ttm:copyright>
			<kar:audio>http://k002.kiwi6.com/hotlink/03k52auet6/Boyzone_-_All_That_I_Need.mp3</kar:audio>
		</metadata>
	</head>
<body>
<div style="m">
<p begin="00:01.011">Artist: Boyzone</p>
</div>
<div style="m">
<p begin="00:02.211">Album: English Song Collection</p>
</div>
<div style="m">
<p begin="00:03.611">Title: All that I need (3:41)</p>
</div>
<div style="m">
<p begin="00:05.011">By: nguyentuan2005@gmail.com</p>
</div>
<div style="m">
<p begin="00:07.011">Date: 2010-04-01</p>
</div>
<div style="m">
<p begin="00:08.311"></p>
</div>
<div style="m">
<p begin="00:11.411">I was lost and alone</p>
</div>
<div style="m">
<p begin="00:14.411">Trying to grow,</p>
</div>
<div style="m">
<p begin="00:17.211">making my way down that long winding road</p>
</div>
<div style="m">
<p begin="00:21.811">Had no reason, no rhyme</p>
</div>
<div style="m">
<p begin="00:24.311">Like a song out of time</p>
</div>
<div style="m">
<p begin="00:27.511">And there you were, standing in front of my eyes</p>
</div>
<div style="m">
<p begin="00:32.711">How could I be such a fool</p>
</div>
<div style="m">
<p begin="00:36.311">To let go of love and break all the rules</p>
</div>
<div style="m">
<p begin="00:42.911">Girl when you walked out that door</p>
</div>
<div style="m">
<p begin="00:46.011">left a hole in my heart</p>
</div>
<div style="m">
<p begin="00:48.711">And now I know for sure</p>
</div>
<div style="m">
<p begin="00:51.111"></p>
</div>
<div style="m">
<p begin="00:52.711">You're the air that I breathe</p>
</div>
<div style="m">
<p begin="00:55.311">Girl you're all that I need</p>
</div>
<div style="m">
<p begin="00:58.311">And I wanna thank you, lady</p>
</div>
<div style="m">
<p begin="01:02.911">You're the words that I read</p>
</div>
<div style="m">
<p begin="01:05.511">You're the light that I see</p>
</div>
<div style="m">
<p begin="01:08.611">And your love is all that I need</p>
</div>
<div style="m">
<p begin="01:13.811"></p>
</div>
<div style="m">
<p begin="01:14.711">Artist: Boyzone</p>
</div>
<div style="m">
<p begin="01:16.211">Album: English Song Collection</p>
</div>
<div style="m">
<p begin="01:18.211">Title: All that I need (3:41)</p>
</div>
<div style="m">
<p begin="01:19.511">By: nguyentuan2005@gmail.com</p>
</div>
<div style="m">
<p begin="01:20.911">Date: 2010-04-01</p>
</div>
<div style="m">
<p begin="01:22.111"></p>
</div>
<div style="m">
<p begin="01:23.611">I was searching in vain</p>
</div>
<div style="m">
<p begin="01:26.711">Playing a game</p>
</div>
<div style="m">
<p begin="01:29.311">Had no-one else but myself left to blame</p>
</div>
<div style="m">
<p begin="01:34.011">You came into my world</p>
</div>
<div style="m">
<p begin="01:37.011">No diamonds or pearls</p>
</div>
<div style="m">
<p begin="01:39.711">Could ever replace what you gave to me girl</p>
</div>
<div style="m">
<p begin="01:44.911">Just like a castle of sand</p>
</div>
<div style="m">
<p begin="01:48.380">Girl, I almost let love </p>
</div>
<div style="m">
<p begin="01:50.880">slip right out of my hands</p>
</div>
<div style="m">
<p begin="01:55.011">And just like a flower needs rain</p>
</div>
<div style="m">
<p begin="01:58.011">I will stand by your side through the joy and the pain</p>
</div>
<div style="m">
<p begin="02:05.211">You're the air that I breathe</p>
</div>
<div style="m">
<p begin="02:07.411">Girl you're all that I need</p>
</div>
<div style="m">
<p begin="02:10.611">And I wanna thank you, lady</p>
</div>
<div style="m">
<p begin="02:15.211">You're the words that I read</p>
</div>
<div style="m">
<p begin="02:17.911">You're the light that I see</p>
</div>
<div style="m">
<p begin="02:20.811">And your love is all that I need</p>
</div>
<div style="m">
<p begin="02:24.711"></p>
</div>
<div style="m">
<p begin="02:25.511">Artist: Boyzone</p>
</div>
<div style="m">
<p begin="02:26.711">Album: English Song Collection</p>
</div>
<div style="m">
<p begin="02:28.811">Title: All that I need (3:41)</p>
</div>
<div style="m">
<p begin="02:30.111">By: nguyentuan2005@gmail.com</p>
</div>
<div style="m">
<p begin="02:31.511">Date: 2010-04-01</p>
</div>
<div style="m">
<p begin="02:32.811"></p>
</div>
<div style="m">
<p begin="02:35.811">You're the air that I breathe</p>
</div>
<div style="m">
<p begin="02:38.411">Girl you're all that I need</p>
</div>
<div style="m">
<p begin="02:41.511">And I wanna thank you, lady</p>
</div>
<div style="m">
<p begin="02:46.211">You're the words that I read</p>
</div>
<div style="m">
<p begin="02:48.811">You're the light that I see</p>
</div>
<div style="m">
<p begin="02:52.211">And your love is all that I need</p>
</div>
<div style="m">
<p begin="02:54.411"></p>
</div>
<div style="m">
<p begin="02:56.511">You're the song that I say</p>
</div>
<div style="m">
<p begin="02:59.211">You're my everything</p>
</div>
<div style="m">
<p begin="03:02.111">And I wanna thank you, lady</p>
</div>
<div style="m">
<p begin="03:06.711">You're all that I need, girl</p>
</div>
<div style="m">
<p begin="03:09.211">You're the air that I breathe, yeah</p>
</div>
<div style="m">
<p begin="03:13.311">And I want to thank you</p>
</div>
<div style="m">
<p begin="03:15.011">You're the words that I read, girl</p>
</div>
<div style="m">
<p begin="03:18.011">You're love is all I need, yeah</p>
</div>
<div style="m">
<p begin="03:21.011">And I want to thank you</p>
</div>
<div style="m">
<p begin="03:23.011">(and I want to thank you, lady)</p>
</div>
<div style="m">
<p begin="03:27.011">You're all that I need, girl</p>
</div>
<div style="m">
<p begin="03:29.011">You're the air that I breathe, yeah</p>
</div>
<div style="m">
<p begin="03:34.011" dur="4000">And I want to thank you..</p>
</div>
</body>
</tt>