<tt xml:lang="vi" 
	xmlns="http://www.w3.org/ns/ttml"
    xmlns:tts="http://www.w3.org/ns/ttml#styling"
    xmlns:ttm="http://www.w3.org/ns/ttml#metadata"
    xmlns:kar="http://code.google.com/p/as3-karaoke-player"> 
	<head>
		<metadata>
			<ttm:title><![CDATA[Cô Bé Mùa Đông]]></ttm:title>
			<ttm:desc><![CDATA[Composed by: Toàn Thắng<br/>Singers: Đăng Khôi ft. Thủy Tiên]]></ttm:desc>
			<ttm:copyright>Copyright (C) 2010 Thanh Tran - trongthanh@gmail.com</ttm:copyright>
			<kar:audio>http://k007.kiwi6.com/hotlink/un1ce1cqln/Co_Be_Mua_Dong.mp3</kar:audio>
		</metadata>
	</head>
	<body>
		<div style="f">
			<p begin="00:28.444">*</p>
			<p begin="00:30.222">*</p>
			<p begin="00:31.999">*</p>
			<p begin="00:32.888">Từng</p>
			<p begin="00:33.333">cơn</p>
			<p begin="00:33.777">gió</p>
		</div>
		<div style="f">
			<p begin="00:34.666">khẽ</p>
			<p begin="00:35.110">vô</p>
			<p begin="00:35.555">tình.</p>
		</div>
		<div style="f">
			<p begin="00:37.110">Chiếc</p>
			<p begin="00:37.333">lá</p>
			<p begin="00:37.777">lìa</p>
			<p begin="00:37.999">cành,</p>
		</div>
		<div style="f">
			<p begin="00:38.888">buông</p>
			<p begin="00:39.110">xuống</p>
			<p begin="00:39.555">lòng</p>
			<p begin="00:39.777">đường.</p>
		</div>
		<div style="m">
			<p begin="00:40.221">Ngồi</p>
			<p begin="00:40.444">nhặt</p>
			<p begin="00:40.666">chiếc</p>
			<p begin="00:40.888">lá</p>
		</div>
		<div style="m">
			<p begin="00:41.777">tôi</p>
			<p begin="00:42.221">nhớ</p>
			<p begin="00:42.444">về.</p>
		</div>
		<div style="m">
			<p begin="00:44.221">Cô</p>
			<p begin="00:44.444">bé</p>
			<p begin="00:44.888">đáng</p>
			<p begin="00:45.333">yêu</p>
			<p begin="00:45.777">của</p>
			<p begin="00:46.221">tôi.</p>
		</div>
		<div style="f">
			<p begin="00:47.110">Mùa</p>
			<p begin="00:47.555">đông</p>
			<p begin="00:47.999">đến</p>
		</div>
		<div style="f">
			<p begin="00:48.888">em</p>
			<p begin="00:49.332">vẫn</p>
			<p begin="00:49.777">cười.</p>
		</div>
		<div style="f">
			<p begin="00:51.332">Em</p>
			<p begin="00:51.555">ước</p>
			<p begin="00:51.999">mình</p>
			<p begin="00:52.221">là</p>
		</div>
		<div style="f">
			<p begin="00:53.110">bông</p>
			<p begin="00:53.332">tuyết</p>
			<p begin="00:53.777">ngoài</p>
			<p begin="00:53.999">trời.</p>
		</div>
		<div style="f">
			<p begin="00:54.444">Để</p>
			<p begin="00:54.666">được</p>
			<p begin="00:54.888">bay</p>
			<p begin="00:55.110">mãi</p>
		</div>
		<div style="f">
			<p begin="00:55.999">lên</p>
			<p begin="00:56.443">thiên</p>
			<p begin="00:56.888">đường.</p>
		</div>
		<div style="f">
			<p begin="00:58.443">Một</p>
			<p begin="00:58.666">thiên</p>
			<p begin="00:59.555">đường</p>
			<p begin="00:59.999">tuyết</p>
			<p begin="01:00.443">rơi.</p>
		</div>
		<div style="m">
			<p begin="01:03.999">Tuyết</p>
			<p begin="01:04.888">chẳng</p>
			<p begin="01:05.332">có</p>
			<p begin="01:05.777">đâu</p>
		</div>
		<div style="m">
			<p begin="01:06.221">em</p>
			<p begin="01:06.443">ơi.</p>
		</div>
		<div style="m">
			<p begin="01:07.332">Chỉ</p>
			<p begin="01:07.555">có</p>
			<p begin="01:08.443">tôi</p>
		</div>
		<div style="m">
			<p begin="01:08.888">bên</p>
			<p begin="01:09.332">cạnh</p>
			<p begin="01:09.777">em</p>
			<p begin="01:10.221">thôi.</p>
		</div>
		<div style="f">
			<p begin="01:10.666">Mùa</p>
			<p begin="01:10.888">đông</p>
			<p begin="01:11.110">đến</p>
		</div>
		<div style="f">
			<p begin="01:11.999">gió</p>
			<p begin="01:12.443">khiến</p>
			<p begin="01:12.888">em</p>
			<p begin="01:13.332">se</p>
			<p begin="01:13.554">lạnh.</p>
		</div>
		<div style="m">
			<p begin="01:14.443">Đừng</p>
			<p begin="01:14.666">lo</p>
			<p begin="01:15.554">vì</p>
			<p begin="01:15.851">còn</p>
			<p begin="01:16.147">tôi</p>
			<p begin="01:16.443">đây.</p>
		</div>
		<div style="m">
			<p begin="01:19.940">Bước</p>
			<p begin="01:20.888">cùng</p>
			<p begin="01:21.347">với</p>
			<p begin="01:21.814">nhau</p>
		</div>
		<div style="m">
			<p begin="01:22.636">dưới</p>
			<p begin="01:23.117">cơn</p>
			<p begin="01:23.562">mưa</p>
			<p begin="01:24.480">phùn</p>
		</div>
		<div style="m">
			<p begin="01:24.895">rất</p>
			<p begin="01:25.332">lâu</p>
		</div>
		<div style="m">
			<p begin="01:26.221">Tôi</p>
			<p begin="01:26.628">nhìn</p>
			<p begin="01:27.125">em,</p>
		</div>
		<div style="m">
			<p begin="01:27.999">em</p>
			<p begin="01:28.443">đỏ</p>
			<p begin="01:28.888">mặt,</p>
		</div>
		<div style="m">
			<p begin="01:29.776">Em</p>
			<p begin="01:30.221">không</p>
			<p begin="01:30.665">nói</p>
			<p begin="01:31.110">khiến</p>
			<p begin="01:31.554">cho</p>
		</div>
		<div style="m">
			<p begin="01:31.999">lòng</p>
			<p begin="01:32.443">tôi</p>
			<p begin="01:32.888">bồi</p>
			<p begin="01:33.332">hồi.</p>
		</div>
		<div style="m">
			<p begin="01:34.221">Trong</p>
			<p begin="01:35.110">ngần</p>
			<p begin="01:35.554">mắt</p>
			<p begin="01:35.999">em</p>
		</div>
		<div style="m">
			<p begin="01:36.887">thấy</p>
			<p begin="01:37.332">long</p>
			<p begin="01:37.776">lanh</p>
		</div>
		<div style="m">
			<p begin="01:38.221">muôn</p>
			<p begin="01:38.665">ngàn</p>
			<p begin="01:39.110">tuyết</p>
			<p begin="01:39.554">rơi.</p>
		</div>
		<div style="m">
			<p begin="01:40.413">Một</p>
			<p begin="01:40.828">mùa</p>
			<p begin="01:41.317">đông</p>
		</div>
		<div style="m">
			<p begin="01:42.206">em</p>
			<p begin="01:42.665">đứng</p>
			<p begin="01:43.124">đó.</p>
		</div>
		<div style="f">
			<p begin="01:43.999">Một</p>
			<p begin="01:44.443">mùa</p>
			<p begin="01:44.887">đông</p>
			<p begin="01:45.332">êm</p>
			<p begin="01:46.221" dur="4000">đềm.</p>
		</div>
		<div style="f">
			<p begin="02:15.109">*</p>
			<p begin="02:16.887">*</p>
			<p begin="02:18.665">*</p>
			<p begin="02:19.598">Từng</p>
			<p begin="02:20.013">cơn</p>
			<p begin="02:20.487">gió</p>
		</div>
		<div style="f">
			<p begin="02:21.332">khẽ</p>
			<p begin="02:21.761">vô</p>
			<p begin="02:22.250">tình.</p>
		</div>
		<div style="f">
			<p begin="02:23.754">Chiếc</p>
			<p begin="02:23.976">lá</p>
			<p begin="02:24.450">lìa</p>
			<p begin="02:24.680">cành,</p>
		</div>
		<div style="f">
			<p begin="02:25.494">buông</p>
			<p begin="02:25.746">xuống</p>
			<p begin="02:26.220">lòng</p>
			<p begin="02:26.457">đường.</p>
		</div>
		<div style="m">
			<p begin="02:26.887">Ngồi</p>
			<p begin="02:27.109">nhặt</p>
			<p begin="02:27.309">chiếc</p>
			<p begin="02:27.576">lá</p>
		</div>
		<div style="m">
			<p begin="02:28.420">tôi</p>
			<p begin="02:28.872">nhớ</p>
			<p begin="02:29.117">về.</p>
		</div>
		<div style="m">
			<p begin="02:30.887">Cô</p>
			<p begin="02:31.094">bé</p>
			<p begin="02:31.524">đáng</p>
			<p begin="02:32.028">yêu</p>
			<p begin="02:32.450">của</p>
			<p begin="02:32.917">tôi.</p>
		</div>
		<div style="f">
			<p begin="02:33.783">Mùa</p>
			<p begin="02:34.191">đông</p>
			<p begin="02:34.650">đến</p>
		</div>
		<div style="f">
			<p begin="02:35.539">em</p>
			<p begin="02:35.976">vẫn</p>
			<p begin="02:36.457">cười.</p>
		</div>
		<div style="f">
			<p begin="02:37.976">Em</p>
			<p begin="02:38.228">ước</p>
			<p begin="02:38.665">mình</p>
			<p begin="02:38.879">là</p>
		</div>
		<div style="f">
			<p begin="02:39.716">bông</p>
			<p begin="02:39.968">tuyết</p>
			<p begin="02:40.450">ngoài</p>
			<p begin="02:40.687">trời.</p>
		</div>
		<div style="f">
			<p begin="02:41.102">Để</p>
			<p begin="02:41.339">được</p>
			<p begin="02:41.576">bay</p>
			<p begin="02:41.842">mãi</p>
		</div>
		<div style="f">
			<p begin="02:42.665">lên</p>
			<p begin="02:43.124">thiên</p>
			<p begin="02:43.561">đường.</p>
		</div>
		<div style="f">
			<p begin="02:45.116">Một</p>
			<p begin="02:45.346">thiên</p>
			<p begin="02:46.250">đường</p>
			<p begin="02:46.657">tuyết</p>
			<p begin="02:47.109">rơi.</p>
		</div>
		<div style="m">
			<p begin="02:50.687">Tuyết</p>
			<p begin="02:51.576">chẳng</p>
			<p begin="02:51.990">có</p>
			<p begin="02:52.420">đâu</p>
		</div>
		<div style="m">
			<p begin="02:52.894">em</p>
			<p begin="02:53.116">ơi.</p>
		</div>
		<div style="m">
			<p begin="02:53.968">Chỉ</p>
			<p begin="02:54.227">có</p>
			<p begin="02:55.109">tôi</p>
		</div>
		<div style="m">
			<p begin="02:55.553">bên</p>
			<p begin="02:55.998">cạnh</p>
			<p begin="02:56.442">em</p>
			<p begin="02:56.887">thôi.</p>
		</div>
		<div style="f">
			<p begin="02:57.331">Mùa</p>
			<p begin="02:57.553">đông</p>
			<p begin="02:57.776">đến</p>
		</div>
		<div style="f">
			<p begin="02:58.664">gió</p>
			<p begin="02:59.109">khiến</p>
			<p begin="02:59.553">em</p>
			<p begin="02:59.998">se</p>
			<p begin="03:00.220">lạnh.</p>
		</div>
		<div style="m">
			<p begin="03:01.109">Đừng</p>
			<p begin="03:01.331">lo</p>
			<p begin="03:02.220">vì</p>
			<p begin="03:02.516">còn</p>
			<p begin="03:02.813">tôi</p>
			<p begin="03:03.109">đây.</p>
		</div>
		<div style="m">
			<p begin="03:06.605">Bước</p>
			<p begin="03:07.553">cùng</p>
			<p begin="03:08.012">với</p>
			<p begin="03:08.479">nhau</p>
		</div>
		<div style="m">
			<p begin="03:09.301">dưới</p>
			<p begin="03:09.783">cơn</p>
			<p begin="03:10.227">mưa</p>
			<p begin="03:11.146">phùn</p>
		</div>
		<div style="m">
			<p begin="03:11.561">rất</p>
			<p begin="03:11.998">lâu</p>
		</div>
		<div style="m">
			<p begin="03:12.886">Tôi</p>
			<p begin="03:13.294">nhìn</p>
			<p begin="03:13.790">em,</p>
		</div>
		<div style="m">
			<p begin="03:14.664">em</p>
			<p begin="03:15.109">đỏ</p>
			<p begin="03:15.553">mặt,</p>
		</div>
		<div style="m">
			<p begin="03:16.442">Em</p>
			<p begin="03:16.886">không</p>
			<p begin="03:17.331">nói</p>
			<p begin="03:17.775">khiến</p>
			<p begin="03:18.220">cho</p>
		</div>
		<div style="m">
			<p begin="03:18.664">lòng</p>
			<p begin="03:19.109">tôi</p>
			<p begin="03:19.553">bồi</p>
			<p begin="03:19.997">hồi.</p>
		</div>
		<div style="m">
			<p begin="03:20.886">Trong</p>
			<p begin="03:21.775">ngần</p>
			<p begin="03:22.220">mắt</p>
			<p begin="03:22.664">em</p>
		</div>
		<div style="m">
			<p begin="03:23.553">thấy</p>
			<p begin="03:23.997">long</p>
			<p begin="03:24.442">lanh</p>
		</div>
		<div style="m">
			<p begin="03:24.886">muôn</p>
			<p begin="03:25.331">ngàn</p>
			<p begin="03:25.775">tuyết</p>
			<p begin="03:26.220">rơi.</p>
		</div>
		<div style="m">
			<p begin="03:27.079">Một</p>
			<p begin="03:27.494">mùa</p>
			<p begin="03:27.982">đông</p>
		</div>
		<div style="m">
			<p begin="03:28.871">em</p>
			<p begin="03:29.331">đứng</p>
			<p begin="03:29.790">đó.</p>
		</div>
		<div style="f">
			<p begin="03:30.664">Một</p>
			<p begin="03:31.108">mùa</p>
			<p begin="03:31.553">đông</p>
			<p begin="03:31.997">êm</p>
			<p begin="03:32.886">đềm.</p>
		</div>
		<div style="m">
			<p begin="03:35.108">Bước</p>
			<p begin="03:35.997">cùng</p>
			<p begin="03:36.456">với</p>
			<p begin="03:36.923">nhau</p>
		</div>
		<div style="m">
			<p begin="03:37.745">dưới</p>
			<p begin="03:38.227">cơn</p>
			<p begin="03:38.671">mưa</p>
			<p begin="03:39.590">phùn</p>
		</div>
		<div style="m">
			<p begin="03:40.005">rất</p>
			<p begin="03:40.442">lâu</p>
		</div>
		<div style="m">
			<p begin="03:41.330">Tôi</p>
			<p begin="03:41.738">nhìn</p>
			<p begin="03:42.234">em,</p>
		</div>
		<div style="m">
			<p begin="03:43.108">em</p>
			<p begin="03:43.553">đỏ</p>
			<p begin="03:43.997">mặt,</p>
		</div>
		<div style="m">
			<p begin="03:44.886">Em</p>
			<p begin="03:45.330">không</p>
			<p begin="03:45.775">nói</p>
			<p begin="03:46.219">khiến</p>
			<p begin="03:46.664">cho</p>
		</div>
		<div style="m">
			<p begin="03:47.108">lòng</p>
			<p begin="03:47.553">tôi</p>
			<p begin="03:47.997">bồi</p>
			<p begin="03:48.441">hồi.</p>
		</div>
		<div style="m">
			<p begin="03:49.330">Trong</p>
			<p begin="03:50.219">ngần</p>
			<p begin="03:50.664">mắt</p>
			<p begin="03:51.108">em</p>
		</div>
		<div style="m">
			<p begin="03:51.997">thấy</p>
			<p begin="03:52.441">long</p>
			<p begin="03:52.886">lanh</p>
		</div>
		<div style="m">
			<p begin="03:53.330">muôn</p>
			<p begin="03:53.775">ngàn</p>
			<p begin="03:54.219">tuyết</p>
			<p begin="03:54.664">rơi.</p>
		</div>
		<div style="m">
			<p begin="03:55.523">Một</p>
			<p begin="03:55.938">mùa</p>
			<p begin="03:56.427">đông</p>
		</div>
		<div style="m">
			<p begin="03:57.315">em</p>
			<p begin="03:57.775">đứng</p>
			<p begin="03:58.234">đó.</p>
		</div>
		<div style="m">
			<p begin="03:59.108">Một</p>
			<p begin="03:59.552">mùa</p>
			<p begin="03:59.997">đông</p>
			<p begin="04:00.441">êm</p>
			<p begin="04:01.330" dur="4000">đềm.</p>
		</div>
	</body>
</tt>