<data>
<title>Đơn Côi</title>
<singer>Trương Quỳnh Anh</singer>
<param s="b">
<i va="by:tuananhbgpc@gmail:com"></i>
</param>
<param s="b">
<i va="00:00:00">Ca khúc: Đơn Côi</i>
</param>
<param s="b">
<i va="00:04:00">Ca Sĩ: Trương Quỳnh Anh</i>
</param>
<param s="m">
<i va="00:06:00">Album: Nhạc Trẻ Tuyển Chọn 2011</i>
</param>
<param s="m">
<i va="00:07:00">Thực Hiện: tuannvbg@gmail.com (http://alovui.esy.es)</i>
</param>
<param s="m">
<i va="00:09:00">http://alovui.esy.es</i>
</param>
<param s="m">
<i va="00:17:38">*</i>
</param>
<param s="m">
<i va="00:21:30">*</i>
</param>
<param s="m">
<i va="00:26:14">*</i>
</param>
<param s="m">
<i va="00:26:90">Ngồi nhìn trên cao</i>
</param>
<param s="m">
<i va="00:28:02">ngắm sao đêm nay</i>
</param>
<param s="m">
<i va="00:29:58">Chợt thấy tôi</i>
</param>
<param s="m">
<i va="00:30:46">lòng buồn như lúc nào</i>
</param>
<param s="m">
<i va="00:32:66">Vì ngày hôm qua</i>
</param>
<param s="m">
<i va="00:34:02">đã trôi qua mau</i>
</param>
<param s="m">
<i va="00:35:54">Để nỗi đau</i>
</param>
<param s="m">
<i va="00:36:46">vẫn còn trong trái tim.</i>
</param>
<param s="m">
<i va="00:38:70">Một ngày anh đi</i>
</param>
<param s="m">
<i va="00:40:02">rất xa nơi đâu</i>
</param>
<param s="m">
<i va="00:41:54">Để mãi tôi</i>
</param>
<param s="m">
<i va="00:42:46">tìm anh trong bóng hình</i>
</param>
<param s="m">
<i va="00:44:70">Đợi chờ mình anh</i>
</param>
<param s="m">
<i va="00:46:02">dưới cơn mưa qua</i>
</param>
<param s="m">
<i va="00:47:58">Làm giá băng</i>
</param>
<param s="m">
<i va="00:48:46">nên lòng tôi xiết lại.</i>
</param>
<param s="m">
<i va="00:50:86">Tôi đâu muốn</i>
</param>
<param s="m">
<i va="00:52:02">trái tim tôi băng giá</i>
</param>
<param s="m">
<i va="00:53:74">Dưới cơn mưa ấy</i>
</param>
<param s="m">
<i va="00:55:02">khiến cho lòng buồn</i>
</param>
<param s="m">
<i va="00:56:66">Vì ngày hôm qua</i>
</param>
<param s="m">
<i va="00:58:02">anh rời xa tôi</i>
</param>
<param s="m">
<i va="00:59:66">Để lại trong tôi</i>
</param>
<param s="m">
<i va="01:00:98">niềm đớn đau.</i>
</param>
<param s="m">
<i va="01:02:90">Đêm khuya thanh vắng</i>
</param>
<param s="m">
<i va="01:04:06">chỉ mình tôi ở đó</i>
</param>
<param s="m">
<i va="01:05:66">Để cho sương gió</i>
</param>
<param s="m">
<i va="01:07:02">vây quanh tâm hồn</i>
</param>
<param s="m">
<i va="01:08:70">Giờ anh nơi đâu</i>
</param>
<param s="m">
<i va="01:10:06">có hay cho lòng tôi</i>
</param>
<param s="m">
<i va="01:11:62">Một tình yêu</i>
</param>
<param s="m">
<i va="01:12:42">đơn phương thầm kín</i>
</param>
<param s="m">
<i va="01:14:10">Hỡi người dấu yêu...</i>
</param>
<param s="m">
<i va="01:17:98">Album: Nhạc Trẻ Tuyển Chọn 2011</i>
</param>
<param s="m">
<i va="01:18:98">Thực Hiện: tuannvbg@gmail.com (http://alovui.esy.es)</i>
</param>
<param s="m">
<i va="01:20:98">http://alovui.esy.es</i>
</param>
<param s="m">
<i va="01:29:50">*</i>
</param>
<param s="m">
<i va="01:33:50">*</i>
</param>
<param s="m">
<i va="01:38:22">*</i>
</param>
<param s="m">
<i va="01:38:86">Ngồi nhìn trên cao</i>
</param>
<param s="m">
<i va="01:40:02">ngắm sao đêm nay</i>
</param>
<param s="m">
<i va="01:41:54">Chợt thấy tôi</i>
</param>
<param s="m">
<i va="01:42:46">lòng buồn như lúc nào</i>
</param>
<param s="m">
<i va="01:44:66">Vì ngày hôm qua</i>
</param>
<param s="m">
<i va="01:46:02">đã trôi qua mau</i>
</param>
<param s="m">
<i va="01:47:54">Để nỗi đau</i>
</param>
<param s="m">
<i va="01:48:42">vẫn còn trong trái tim.</i>
</param>
<param s="m">
<i va="01:50:66">Một ngày anh đi</i>
</param>
<param s="m">
<i va="01:52:02">rất xa nơi đâu</i>
</param>
<param s="m">
<i va="01:53:58">Để mãi tôi</i>
</param>
<param s="m">
<i va="01:54:46">tìm anh trong bóng hình</i>
</param>
<param s="m">
<i va="01:56:66">Đợi chờ mình anh</i>
</param>
<param s="m">
<i va="01:58:02">dưới cơn mưa qua</i>
</param>
<param s="m">
<i va="01:59:50">Làm giá băng</i>
</param>
<param s="m">
<i va="02:00:46">nên lòng tôi xiết lại.</i>
</param>
<param s="m">
<i va="02:02:90">Tôi đâu muốn</i>
</param>
<param s="m">
<i va="02:04:02">trái tim tôi băng giá</i>
</param>
<param s="m">
<i va="02:05:70">Dưới cơn mưa ấy</i>
</param>
<param s="m">
<i va="02:07:02">khiến cho lòng buồn</i>
</param>
<param s="m">
<i va="02:08:70">Vì ngày hôm qua</i>
</param>
<param s="m">
<i va="02:10:06">anh rời xa tôi</i>
</param>
<param s="m">
<i va="02:11:54">Để lại trong tôi</i>
</param>
<param s="m">
<i va="02:12:98">niềm đớn đau.</i>
</param>
<param s="m">
<i va="02:14:90">Đêm khuya thanh vắng</i>
</param>
<param s="m">
<i va="02:16:10">chỉ mình tôi ở đó</i>
</param>
<param s="m">
<i va="02:17:70">Để cho sương gió</i>
</param>
<param s="m">
<i va="02:19:02">vây quanh tâm hồn</i>
</param>
<param s="m">
<i va="02:20:70">Giờ anh nơi đâu</i>
</param>
<param s="m">
<i va="02:21:98">có hay cho lòng tôi</i>
</param>
<param s="m">
<i va="02:23:58">Một tình yêu</i>
</param>
<param s="m">
<i va="02:24:42">đơn phương thầm kín</i>
</param>
<param s="m">
<i va="02:26:02">Hỡi người dấu yêu...</i>
</param>
<param s="m">
<i va="02:29:86">Tôi đâu muốn</i>
</param>
<param s="m">
<i va="02:31:02">trái tim tôi băng giá</i>
</param>
<param s="m">
<i va="02:32:74">Dưới cơn mưa ấy</i>
</param>
<param s="m">
<i va="02:34:02">khiến cho lòng buồn</i>
</param>
<param s="m">
<i va="02:35:70">Vì ngày hôm qua</i>
</param>
<param s="m">
<i va="02:37:02">anh rời xa tôi</i>
</param>
<param s="m">
<i va="02:38:58">Để lại trong tôi</i>
</param>
<param s="m">
<i va="02:39:98">niềm đớn đau.</i>
</param>
<param s="m">
<i va="02:41:90">Hoa kia vẫn nở</i>
</param>
<param s="m">
<i va="02:43:06">dẫu cho sương buốt giá</i>
</param>
<param s="m">
<i va="02:44:70">Nhưng sao anh nỡ</i>
</param>
<param s="m">
<i va="02:46:02">xa tôi mất rồi</i>
</param>
<param s="m">
<i va="02:47:70">Để tôi đêm đêm</i>
</param>
<param s="m">
<i va="02:49:02">tìm anh trong cô đơn</i>
</param>
<param s="m">
<i va="02:50:70">Giữa bầu trời</i>
</param>
<param s="m">
<i va="02:51:50">bao la đầy sao</i>
</param>
<param s="m">
<i va="02:53:06">Hỡi người dấu yêu...</i>
</param>
<param s="m">
<i va="02:56:54">Để tôi đêm đêm</i>
</param>
<param s="m">
<i va="02:58:02">tìm anh trong cô đơn</i>
</param>
<param s="m">
<i va="02:59:50">Giữa bầu trời</i>
</param>
<param s="m">
<i va="03:00:34">bao la đầy sao</i>
</param>
<param s="m">
<i va="03:02:14">Hỡi người dấu yêu...</i>
</param>
<param s="m">
<i va="03:07:18">Album: Nhạc Trẻ Tuyển Chọn 2011</i>
</param>
<param s="m">
<i va="03:08:18">Thực Hiện: tuannvbg@gmail.com (http://alovui.esy.es)</i>
</param>
<param s="m">
<i va="03:09:18">http://alovui.esy.es</i>
</param>
<param s="m">
<i va="03:10:18">Chúc các bạn nghe nhạc vui vẻ</i>
</param>
</data>