﻿<katalutu xml:lang="vi">
	<head>
		<cpr>katalutu:khaltt</cpr>
		<ten>Happy New Year</ten>
		<tacgia>ABBA</tacgia>		
		<hoatau>http://k002.kiwi6.com/hotlink/7lccu5qk61/APPA_-_Happy_New_Jear.mp3</hoatau>
		<bieudien>English Song 80</bieudien>
		<quitac>katalutu</quitac><!--Nếu bàp đàn có cấu trúc chơp cho nhpều lờp ca, nếu không mỗp bàp đàn một lờp ca và mỗp DpV là một dòng không ghép lờp ca khác được-->
	</head>
	<body>
<div cau="0"><p n="" begin="00:00:08.000"></p>
<p n="" begin="00:10.000">* </p>
<p n="" begin="00:12.120">* </p>
<p n="" begin="00:13.800">* </p>
<p n="" begin="00:15.411">No </p>
<p n="" begin="00:15.800">more </p>
<p n="" begin="00:16.011">champagne </p>
</div>
<div cau="1">
<p n="" begin="00:17.711">And </p>
<p n="" begin="00:17.911">the </p>
<p n="" begin="00:18.211">fireworks </p>
<p n="" begin="00:19.311">are </p>
<p n="" begin="00:19.811">through </p>
</div>
<div cau="2">
<p n="" begin="00:20.911">Here </p>
<p n="" begin="00:21.511">we </p>
<p n="" begin="00:21.811">are, </p>
<p n="" begin="00:23.011">me </p>
<p n="" begin="00:23.411">and </p>
<p n="" begin="00:23.611">you </p>
</div>
<div cau="3">
<p n="" begin="00:24.811">Feeling </p>
<p n="" begin="00:25.211">lost </p>
<p n="" begin="00:26.011">and </p>
<p n="" begin="00:26.311">feeling </p>
<p n="" begin="00:27.211">blue </p>
</div>
<div cau="4">
<p n="" begin="00:28.411">It's </p>
<p n="" begin="00:28.811">the </p>
<p n="" begin="00:29.111">end </p>
<p n="" begin="00:30.411">of </p>
<p n="" begin="00:30.711">the </p>
<p n="" begin="00:31.011">party </p>
</div>
<div cau="5">
<p n="" begin="00:32.311">And </p>
<p n="" begin="00:32.511">the </p>
<p n="" begin="00:32.811">morning </p>
<p n="" begin="00:33.611">seems </p>
<p n="" begin="00:34.111">so </p>
<p n="" begin="00:34.511">grey </p>
</div>
<div cau="6">
<p n="" begin="00:35.511">So </p>
<p n="" begin="00:36.011">unlike </p>
<p n="" begin="00:37.511">yesterday </p>
</div>
<div cau="7">
<p n="" begin="00:39.111">Now's </p>
<p n="" begin="00:39.811">the </p>
<p n="" begin="00:40.011">time </p>
<p n="" begin="00:40.711">for </p>
<p n="" begin="00:40.911">us </p>
<p n="" begin="00:41.511">to </p>
<p n="" begin="00:41.711">say. </p>
</div>
<div cau="8">
<p n="" begin="00:44.611">Happy </p>
<p n="" begin="00:44.811">new </p>
<p n="" begin="00:45.511">year </p>
</div>
<div cau="9">
<p n="" begin="00:46.411">Happy </p>
<p n="" begin="00:46.811">new </p>
<p n="" begin="00:47.411">year </p>
</div>
<div cau="10">
<p n="" begin="00:48.211">May </p>
<p n="" begin="00:48.411">we </p>
<p n="" begin="00:48.711">all </p>
</div>
<div cau="11">
<p n="" begin="00:49.611">have </p>
<p n="" begin="00:50.411">a </p>
<p n="" begin="00:50.711">vision </p>
<p n="" begin="00:51.811">now </p>
<p n="" begin="00:52.311">and </p>
<p n="" begin="00:52.711">then </p>
</div>
<div cau="12">
<p n="" begin="00:53.611">Of </p>
<p n="" begin="00:54.011">a </p>
<p n="" begin="00:54.311">world </p>
<p n="" begin="00:55.011">where </p>
</div>
<div cau="13">
<p n="" begin="00:55.511">every </p>
<p n="" begin="00:56.411">neighbour </p>
<p n="" begin="00:57.311">is </p>
<p n="" begin="00:57.811">a </p>
<p n="" begin="00:58.211">friend </p>
</div>
<div cau="14">
<p n="" begin="01:00.911">Happy </p>
<p n="" begin="01:01.411">new </p>
<p n="" begin="01:01.911">year </p>
</div>
<div cau="15">
<p n="" begin="01:02.811">Happy </p>
<p n="" begin="01:03.211">new </p>
<p n="" begin="01:03.711">year </p>
</div>
<div cau="16">
<p n="" begin="01:04.611">May </p>
<p n="" begin="01:04.811">we </p>
<p n="" begin="01:05.111">all </p>
</div>
<div cau="17">
<p n="" begin="01:06.011">have </p>
<p n="" begin="01:06.911">our </p>
<p n="" begin="01:07.111">hopes, </p>
<p n="" begin="01:07.811">our </p>
<p n="" begin="01:08.211">will </p>
<p n="" begin="01:08.711">to </p>
<p n="" begin="01:08.911">try </p>
</div>
<div cau="18">
<p n="" begin="01:10.011">If </p>
<p n="" begin="01:10.511">we </p>
<p n="" begin="01:10.811">don't </p>
</div>
<div cau="19">
<p n="" begin="01:11.411">we </p>
<p n="" begin="01:11.911">might </p>
<p n="" begin="01:12.311">as </p>
<p n="" begin="01:12.811">well </p>
</div>
<div cau="20">
<p n="" begin="01:13.311">lay </p>
<p n="" begin="01:13.711">down </p>
<p n="" begin="01:14.111">and </p>
<p n="" begin="01:14.611">die </p>
</div>
<div cau="21">
<p n="" begin="01:17.311">You </p>
<p n="" begin="01:17.811">and </p>
<p n="" begin="01:18.311">I. </p>
</div>
<div cau="22">
<p n="" begin="01:22.811">Sometimes </p>
<p n="" begin="01:23.411">I </p>
<p n="" begin="01:23.611">see </p>
</div>
<div cau="23">
<p n="" begin="01:25.111">How </p>
<p n="" begin="01:25.311">the </p>
<p n="" begin="01:25.511">brave </p>
<p n="" begin="01:26.011">new </p>
<p n="" begin="01:26.411">world </p>
<p n="" begin="01:27.011">arrives </p>
</div>
<div cau="24">
<p n="" begin="01:28.211">And </p>
<p n="" begin="01:28.511">I </p>
<p n="" begin="01:28.911">see </p>
<p n="" begin="01:30.011">how </p>
<p n="" begin="01:30.411">it </p>
<p n="" begin="01:30.711">thrives </p>
</div>
<div cau="25">
<p n="" begin="01:31.811">In </p>
<p n="" begin="01:32.411">the </p>
<p n="" begin="01:32.811">ashes </p>
<p n="" begin="01:33.611">of </p>
<p n="" begin="01:34.111">our </p>
<p n="" begin="01:34.511">lives </p>
</div>
<div cau="26">
<p n="" begin="01:36.111">Oh </p>
<p n="" begin="01:36.511">yes, </p>
<p n="" begin="01:37.411">man </p>
<p n="" begin="01:37.611">is </p>
<p n="" begin="01:37.811">a </p>
<p n="" begin="01:38.011">fool </p>
</div>
<div cau="27">
<p n="" begin="01:39.611">And </p>
<p n="" begin="01:39.911">he </p>
<p n="" begin="01:40.111">thinks </p>
<p n="" begin="01:40.511">he'll </p>
<p n="" begin="01:41.011">be </p>
<p n="" begin="01:41.411">okay </p>
</div>
<div cau="28">
<p n="" begin="01:42.811">Dragging </p>
<p n="" begin="01:43.611">on, </p>
<p n="" begin="01:44.911">feet </p>
<p n="" begin="01:45.211">of </p>
<p n="" begin="01:45.511">clay </p>
</div>
<div cau="29">
<p n="" begin="01:46.811">Never </p>
<p n="" begin="01:47.211">knowing </p>
<p n="" begin="01:48.211">he's </p>
<p n="" begin="01:48.711">astray </p>
</div>
<div cau="30">
<p n="" begin="01:50.111">Keeps </p>
<p n="" begin="01:50.811">on </p>
<p n="" begin="01:51.111">going, </p>
<p n="" begin="01:52.911">anyway... </p>
</div>
<div cau="31">
<p n="" begin="01:57.411">Happy </p>
<p n="" begin="01:57.911">new </p>
<p n="" begin="01:58.311">year </p>
</div>
<div cau="32">
<p n="" begin="01:59.211">Happy </p>
<p n="" begin="01:59.611">new </p>
<p n="" begin="02:00.211">year </p>
</div>
<div cau="33">
<p n="" begin="02:01.011">May </p>
<p n="" begin="02:01.211">we </p>
<p n="" begin="02:01.511">all </p>
</div>
<div cau="34">
<p n="" begin="02:02.411">have </p>
<p n="" begin="02:03.211">a </p>
<p n="" begin="02:03.511">vision </p>
<p n="" begin="02:04.711">now </p>
<p n="" begin="02:05.111">and </p>
<p n="" begin="02:05.411">then </p>
</div>
<div cau="35">
<p n="" begin="02:06.411">Of </p>
<p n="" begin="02:06.911">a </p>
<p n="" begin="02:07.111">world </p>
<p n="" begin="02:07.811">where </p>
</div>
<div cau="36">
<p n="" begin="02:08.311">every </p>
<p n="" begin="02:09.011">neighbour </p>
<p n="" begin="02:10.111">is </p>
<p n="" begin="02:10.511">a </p>
<p n="" begin="02:11.011">friend </p>
</div>
<div cau="37">
<p n="" begin="02:13.711">Happy </p>
<p n="" begin="02:14.211">new </p>
<p n="" begin="02:14.711">year </p>
</div>
<div cau="38">
<p n="" begin="02:15.611">Happy </p>
<p n="" begin="02:16.011">new </p>
<p n="" begin="02:16.511">year </p>
</div>
<div cau="39">
<p n="" begin="02:17.411">May </p>
<p n="" begin="02:17.611">we </p>
<p n="" begin="02:17.811">all </p>
<p n="" begin="02:18.511">have </p>
<p n="" begin="02:19.611">our </p>
<p n="" begin="02:19.911">hopes </p>
</div>
<div cau="40">
<p n="" begin="02:20.611">our </p>
<p n="" begin="02:21.011">will </p>
<p n="" begin="02:21.411">to </p>
<p n="" begin="02:21.711">try </p>
</div>
<div cau="41">
<p n="" begin="02:22.811">If </p>
<p n="" begin="02:23.311">we </p>
<p n="" begin="02:23.511">don't </p>
</div>
<div cau="42">
<p n="" begin="02:24.211">we </p>
<p n="" begin="02:24.711">might </p>
<p n="" begin="02:25.111">as </p>
<p n="" begin="02:25.611">well </p>
<p n="" begin="02:26.011">lay </p>
<p n="" begin="02:26.511">down </p>
<p n="" begin="02:27.011">and </p>
<p n="" begin="02:27.411">die </p>
</div>
<div cau="43">
<p n="" begin="02:31.011">You... </p>
</div>
<div cau="44">
<p n="" begin="02:33.811">And </p>
<p n="" begin="02:34.711">I... </p>
</div>
<div cau="45">
<p n="" begin="02:43.211">* </p>
<p n="" begin="02:46.711">* </p>
<p n="" begin="02:48.511">* </p>
<p n="" begin="02:49.211">Seems </p>
<p n="" begin="02:50.611">to </p>
<p n="" begin="02:50.811">me </p>
<p n="" begin="02:51.111">now </p>
</div>
<div cau="46">
<p n="" begin="02:52.411">That </p>
<p n="" begin="02:52.611">the </p>
<p n="" begin="02:52.911">dreams </p>
<p n="" begin="02:53.311">we </p>
<p n="" begin="02:53.811">had </p>
<p n="" begin="02:54.211">before </p>
</div>
<div cau="47">
<p n="" begin="02:55.611">Are </p>
<p n="" begin="02:56.311">all </p>
<p n="" begin="02:56.511">dead, </p>
<p n="" begin="02:57.611">nothing </p>
<p n="" begin="02:58.211">more </p>
</div>
<div cau="48">
<p n="" begin="02:59.311">Than </p>
<p n="" begin="03:00.011">confetti </p>
<p n="" begin="03:01.011">on </p>
<p n="" begin="03:01.511">the </p>
<p n="" begin="03:01.911">floor </p>
</div>
<div cau="49">
<p n="" begin="03:03.211">It's </p>
<p n="" begin="03:03.511">the </p>
<p n="" begin="03:03.811">end, </p>
<p n="" begin="03:04.811">of </p>
<p n="" begin="03:05.211">a </p>
<p n="" begin="03:05.411">decade </p>
</div>
<div cau="50">
<p n="" begin="03:07.011">In </p>
<p n="" begin="03:07.311">another </p>
<p n="" begin="03:08.311">ten </p>
<p n="" begin="03:08.811">years </p>
<p n="" begin="03:09.211">time </p>
</div>
<div cau="51">
<p n="" begin="03:10.211">Who </p>
<p n="" begin="03:10.811">can </p>
<p n="" begin="03:11.011">say, </p>
<p n="" begin="03:12.311">what </p>
<p n="" begin="03:12.611">we'll </p>
<p n="" begin="03:12.811">find </p>
</div>
<div cau="52">
<p n="" begin="03:14.211">What </p>
<p n="" begin="03:14.411">lies </p>
<p n="" begin="03:14.711">waiting </p>
<p n="" begin="03:15.611">down </p>
<p n="" begin="03:16.011">the </p>
<p n="" begin="03:16.611">line </p>
</div>
<div cau="53">
<p n="" begin="03:17.711">In </p>
<p n="" begin="03:18.011">the </p>
<p n="" begin="03:18.411">end </p>
<p n="" begin="03:19.511">of </p>
<p n="" begin="03:21.011">eighty-nine </p>
</div>
<div cau="54">
<p n="" begin="03:24.711">Happy </p>
<p n="" begin="03:25.211">new </p>
<p n="" begin="03:25.711">year </p>
</div>
<div cau="55">
<p n="" begin="03:26.611">Happy </p>
<p n="" begin="03:27.011">new </p>
<p n="" begin="03:27.511">year </p>
</div>
<div cau="5+">
<p n="" begin="03:28.411">May </p>
<p n="" begin="03:28.611">we </p>
<p n="" begin="03:28.811">all </p>
</div>
<div cau="57">
<p n="" begin="03:29.711">have </p>
<p n="" begin="03:30.611">a </p>
<p n="" begin="03:30.811">vision </p>
<p n="" begin="03:32.011">now </p>
<p n="" begin="03:32.411">and </p>
<p n="" begin="03:32.711">then </p>
</div>
<div cau="58">
<p n="" begin="03:33.811">Of </p>
<p n="" begin="03:34.211">a </p>
<p n="" begin="03:34.511">world </p>
<p n="" begin="03:35.211">where </p>
</div>
<div cau="59">
<p n="" begin="03:35.711">every </p>
<p n="" begin="03:36.611">neighbour </p>
<p n="" begin="03:37.411">is </p>
<p n="" begin="03:37.911">a </p>
<p n="" begin="03:38.411">friend </p>
</div>
<div cau="60">
<p n="" begin="03:41.011">Happy </p>
<p n="" begin="03:41.611">new </p>
<p n="" begin="03:42.011">year </p>
</div>
<div cau="61">
<p n="" begin="03:42.911">Happy </p>
<p n="" begin="03:43.411">new </p>
<p n="" begin="03:43.911">year </p>
</div>
<div cau="62">
<p n="" begin="03:44.811">May </p>
<p n="" begin="03:45.011">we </p>
<p n="" begin="03:45.311">all </p>
<p n="" begin="03:45.911">have </p>
<p n="" begin="03:47.011">our </p>
<p n="" begin="03:47.211">hopes, </p>
</div>
<div cau="63">
<p n="" begin="03:47.911">our </p>
<p n="" begin="03:48.411">will </p>
<p n="" begin="03:48.811">to </p>
<p n="" begin="03:49.011">try </p>
</div>
<div cau="64">
<p n="" begin="03:50.111">If </p>
<p n="" begin="03:50.611">we </p>
<p n="" begin="03:50.811">don't </p>
<p n="" begin="03:51.511">we </p>
<p n="" begin="03:52.111">might </p>
<p n="" begin="03:52.511">as </p>
<p n="" begin="03:52.911">well </p>
</div>
<div cau="65">
<p n="" begin="03:53.311">lay </p>
<p n="" begin="03:53.811">down </p>
<p n="" begin="03:54.311">and </p>
<p n="" begin="03:54.811">die. </p>
</div>
<div cau="66">
<p n="" begin="03:58.411">You... </p>
</div>
<div cau="67">
<p n="" begin="04:01.111">And </p>
<p n="" begin="04:02.011">I... </p>
</div>

	</body>
</katalutu>