<data>
<param s="b">
<i va="00:19:700">* </i>
<i va="00:21:780">* </i>
<i va="00:23:860">* </i>
<i va="00:25:780">* </i>
<i va="00:28:110">Tình </i>
<i va="00:28:710">tan </i>
<i va="00:29:230">vỡ, </i>
</param>
<param s="b">
<i va="00:30:130">một </i>
<i va="00:30:390">mình </i>
<i va="00:30:690">bước </i>
<i va="00:31:010">trong </i>
<i va="00:31:330">đêm </i>
</param>
<param s="b">
<i va="00:32:550">Tìm </i>
<i va="00:32:810">lại </i>
<i va="00:33:110">những </i>
<i va="00:33:450">giấc </i>
<i va="00:33:750">mơ </i>
</param>
<param s="b">
<i va="00:34:330">xưa </i>
<i va="00:34:630">anh </i>
<i va="00:34:890">của </i>
<i va="00:35:210">ngày </i>
<i va="00:35:660">xưa </i>
</param>
<param s="b">
<i va="00:35:870">ấm </i>
<i va="00:36:070">êm </i>
</param>
<param s="b">
<i va="00:37:350">Nào </i>
<i va="00:37:630">ngờ </i>
<i va="00:38:190">cơn </i>
<i va="00:38:750">gió </i>
</param>
<param s="b">
<i va="00:39:440">đã </i>
<i va="00:39:690">mang </i>
<i va="00:40:000">sương </i>
</param>
<param s="b">
<i va="00:40:370">đến </i>
<i va="00:40:570">vây </i>
<i va="00:40:890">kín </i>
</param>
<param s="b">
<i va="00:41:510">Che </i>
<i va="00:41:750">lấp </i>
<i va="00:42:050">ánh </i>
<i va="00:42:330">sáng </i>
</param>
<param s="b">
<i va="00:42:720">nơi </i>
<i va="00:43:030">chân </i>
<i va="00:43:310">trời, </i>
</param>
<param s="b">
<i va="00:44:530">nước </i>
<i va="00:44:790">mắt </i>
<i va="00:45:070">tràn </i>
<i va="00:45:390">bờ </i>
<i va="00:45:810">mi </i>
</param>
<param s="b">
<i va="00:47:790">Lòng </i>
<i va="00:48:160">đau </i>
<i va="00:48:340">xót </i>
</param>
<param s="b">
<i va="00:48:630">nghe </i>
<i va="00:48:990">trái </i>
<i va="00:49:270">tim </i>
<i va="00:49:570">khóc </i>
</param>
<param s="b">
<i va="00:49:820">trong </i>
<i va="00:50:210">lặng </i>
<i va="00:50:510">câm </i>
</param>
<param s="b">
<i va="00:51:890">Mà </i>
<i va="00:52:610">vì </i>
<i va="00:53:060">sao </i>
</param>
<param s="b">
<i va="00:53:440">tình </i>
<i va="00:53:770">em </i>
<i va="00:54:050">giờ </i>
<i va="00:54:390">đây </i>
</param>
<param s="b">
<i va="00:55:080">vẫn </i>
<i va="00:55:520">mãi </i>
<i va="00:56:170">chờ </i>
<i va="00:56:550">người </i>
</param>
<param s="b">
<i va="00:57:690">Chờ </i>
<i va="00:58:010">tháng </i>
<i va="00:58:290">năm </i>
<i va="00:58:590">yêu </i>
</param>
<param s="b">
<i va="00:58:910">ngày </i>
<i va="00:59:210">xưa </i>
<i va="00:59:470">giờ </i>
<i va="00:59:790">mong </i>
<i va="01:00:110">mãi </i>
</param>
<param s="b">
<i va="01:02:480">Ngày </i>
<i va="01:02:690">anh </i>
<i va="01:02:830">đi </i>
</param>
<param s="b">
<i va="01:03:190">trời </i>
<i va="01:03:390">mưa </i>
<i va="01:03:710">phùn </i>
<i va="01:03:970">rơi </i>
</param>
<param s="b">
<i va="01:04:750">thấm </i>
<i va="01:04:950">ướt </i>
<i va="01:05:590">đường </i>
<i va="01:06:030">dài </i>
</param>
<param s="b">
<i va="01:07:290">Để </i>
<i va="01:07:510">em </i>
<i va="01:07:790">ngồi </i>
<i va="01:08:130">lặng </i>
<i va="01:08:470">nhìn </i>
</param>
<param s="b">
<i va="01:09:130">theo </i>
<i va="01:09:410">bóng </i>
<i va="01:09:690">anh </i>
</param>
<param s="b">
<i va="01:11:260">Lệ </i>
<i va="01:11:750">cay </i>
<i va="01:12:330">khóe </i>
</param>
<param s="b">
<i va="01:12:710">vì </i>
<i va="01:12:970">một </i>
<i va="01:13:290">người </i>
<i va="01:13:950">đã </i>
<i va="01:14:230">ra </i>
<i va="01:14:510">đi </i>
</param>
<param s="b">
<i va="01:14:870">không </i>
<i va="01:15:730">trở </i>
<i va="01:16:010">về </i>
</param>
<param s="b">
<i va="01:16:970">Nhưng </i>
<i va="01:17:190">nước </i>
<i va="01:17:490">mắt </i>
<i va="01:17:770">đó </i>
</param>
<param s="b">
<i va="01:18:110">cũng </i>
<i va="01:18:390">chỉ </i>
<i va="01:18:690">làm </i>
</param>
<param s="b">
<i va="01:19:010">vết </i>
<i va="01:19:290">thương </i>
<i va="01:20:130">thêm </i>
<i va="01:20:550">đau </i>
</param>
<param s="b">
<i va="01:21:710">Vì </i>
<i va="01:21:950">sao </i>
<i va="01:22:250">em </i>
<i va="01:22:570">lại </i>
<i va="01:22:890">khóc, </i>
</param>
<param s="b">
<i va="01:24:070">vì </i>
<i va="01:24:370">sao </i>
<i va="01:24:670">em </i>
<i va="01:24:970">lại </i>
<i va="01:25:290">nhớ </i>
</param>
<param s="b">
<i va="01:26:190">Dẫu </i>
<i va="01:26:470">biết </i>
<i va="01:26:750">anh </i>
</param>
<param s="b">
<i va="01:27:370">chẳng </i>
<i va="01:27:630">còn </i>
<i va="01:28:270">như </i>
<i va="01:28:570">lúc </i>
<i va="01:28:890">xưa </i>
</param>
<param s="b">
<i va="01:30:390">Lệ </i>
<i va="01:30:950">cay </i>
<i va="01:31:550">khóe </i>
</param>
<param s="b">
<i va="01:31:940">vì </i>
<i va="01:32:180">một </i>
<i va="01:32:470">người </i>
<i va="01:33:050">đã </i>
<i va="01:33:440">đi </i>
</param>
<param s="b">
<i va="01:33:770">mang </i>
<i va="01:33:990">theo </i>
<i va="01:34:890">giấc </i>
<i va="01:35:130">mơ </i>
</param>
<param s="b">
<i va="01:36:130">Nơi </i>
<i va="01:36:430">đó </i>
</param>
<param s="b">
<i va="01:36:690">chôn </i>
<i va="01:36:950">giấu </i>
<i va="01:37:250">ký </i>
<i va="01:37:550">ức </i>
</param>
<param s="b">
<i va="01:37:890">cùng </i>
<i va="01:38:210">tháng </i>
<i va="01:38:470">năm </i>
<i va="01:39:370">êm </i>
<i va="01:39:730">đềm </i>
</param>
<param s="b">
<i va="01:40:850">Vì </i>
<i va="01:41:240">anh </i>
<i va="01:41:470">đã </i>
<i va="01:41:750">đi </i>
<i va="01:42:090">mãi, </i>
</param>
<param s="b">
<i va="01:43:130">vì </i>
<i va="01:43:530">em </i>
<i va="01:43:870">còn </i>
<i va="01:44:210">yêu </i>
<i va="01:44:510">anh </i>
</param>
<param s="b">
<i va="01:45:340">Dẫu </i>
<i va="01:45:690">biết </i>
<i va="01:45:950">anh </i>
<i va="01:46:530">chẳng </i>
<i va="01:46:850">còn </i>
</param>
<param s="b">
<i va="01:47:550">nhớ </i>
<i va="01:47:810">đến </i>
<i va="01:48:130">em </i>
</param>
<param s="b">
<i va="03:16:790">* </i>
<i va="03:18:830">* </i>
<i va="03:20:630">* </i>
<i va="03:22:910">* </i>
<i va="03:25:590">Lệ </i>
<i va="03:26:220">cay </i>
<i va="03:26:820">khóe </i>
</param>
<param s="b">
<i va="03:27:130">vì </i>
<i va="03:27:440">một </i>
<i va="03:27:720">người </i>
<i va="03:28:360">đã </i>
<i va="03:28:600">ra </i>
<i va="03:28:960">đi </i>
</param>
<param s="b">
<i va="03:29:260">không </i>
<i va="03:30:080">trở </i>
<i va="03:30:460">về </i>
</param>
<param s="b">
<i va="03:31:280">Nhưng </i>
<i va="03:31:620">nước </i>
<i va="03:31:880">mắt </i>
<i va="03:32:180">đó </i>
</param>
<param s="b">
<i va="03:32:480">cũng </i>
<i va="03:32:780">chỉ </i>
<i va="03:33:060">làm </i>
</param>
<param s="b">
<i va="03:33:390">vết </i>
<i va="03:33:700">thương </i>
<i va="03:34:540">thêm </i>
<i va="03:34:840">đau </i>
</param>
<param s="b">
<i va="03:36:040">Vì </i>
<i va="03:36:340">sao </i>
<i va="03:36:720">em </i>
<i va="03:36:960">lại </i>
<i va="03:37:260">khóc, </i>
</param>
<param s="b">
<i va="03:38:500">vì </i>
<i va="03:38:780">sao </i>
<i va="03:39:060">em </i>
<i va="03:39:360">lại </i>
<i va="03:39:660">nhớ </i>
</param>
<param s="b">
<i va="03:40:580">Dẫu </i>
<i va="03:40:860">biết </i>
<i va="03:41:180">anh </i>
</param>
<param s="b">
<i va="03:41:740">chẳng </i>
<i va="03:42:040">còn </i>
<i va="03:42:620">như </i>
<i va="03:42:940">lúc </i>
<i va="03:43:240">xưa </i>
</param>
<param s="b">
<i va="03:44:780">Lệ </i>
<i va="03:45:320">cay </i>
<i va="03:45:990">khóe </i>
</param>
<param s="b">
<i va="03:46:300">vì </i>
<i va="03:46:540">một </i>
<i va="03:46:860">người </i>
<i va="03:47:480">đã </i>
<i va="03:47:830">đi </i>
</param>
<param s="b">
<i va="03:48:120">mang </i>
<i va="03:48:380">theo </i>
<i va="03:49:200">giấc </i>
<i va="03:49:630">mơ </i>
</param>
<param s="b">
<i va="03:50:500">Nơi </i>
<i va="03:50:830">đó </i>
</param>
<param s="b">
<i va="03:51:060">chôn </i>
<i va="03:51:380">giấu </i>
<i va="03:51:700">ký </i>
<i va="03:51:960">ức </i>
</param>
<param s="b">
<i va="03:52:280">cùng </i>
<i va="03:52:580">tháng </i>
<i va="03:52:880">năm </i>
<i va="03:53:580">êm </i>
<i va="03:54:040">đềm </i>
</param>
<param s="b">
<i va="03:55:220">Vì </i>
<i va="03:55:600">anh </i>
<i va="03:55:820">đã </i>
<i va="03:56:120">đi </i>
<i va="03:56:460">mãi, </i>
</param>
<param s="b">
<i va="03:57:540">vì </i>
<i va="03:57:940">em </i>
<i va="03:58:240">còn </i>
<i va="03:58:560">yêu </i>
<i va="03:58:880">anh </i>
</param>
<param s="b">
<i va="03:59:800">Dẫu </i>
<i va="04:00:060">biết </i>
<i va="04:00:340">anh </i>
<i va="04:00:940">chẳng </i>
<i va="04:01:260">còn </i>
</param>
<param s="b">
<i va="04:01:840">nhớ </i>
<i va="04:02:200">đến </i>
<i va="04:02:480">em </i>
</param>
<param s="b">
<i va="04:04:060">Lệ </i>
<i va="04:04:520">cay </i>
<i va="04:05:160">khóe </i>
</param>
<param s="b">
<i va="04:05:500">vì </i>
<i va="04:05:800">một </i>
<i va="04:06:030">người </i>
<i va="04:06:720">đã </i>
<i va="04:06:960">ra </i>
<i va="04:07:280">đi </i>
</param>
<param s="b">
<i va="04:07:620">không </i>
<i va="04:08:440">trở </i>
<i va="04:08:740">về </i>
</param>
<param s="b">
<i va="04:09:720">Nhưng </i>
<i va="04:10:000">nước </i>
<i va="04:10:260">mắt </i>
<i va="04:10:580">đó </i>
</param>
<param s="b">
<i va="04:10:920">cũng </i>
<i va="04:11:220">chỉ </i>
<i va="04:11:460">làm </i>
</param>
<param s="b">
<i va="04:11:760">vết </i>
<i va="04:12:100">thương </i>
<i va="04:13:020">thêm </i>
<i va="04:13:320">đau </i>
</param>
<param s="b">
<i va="04:14:440">Vì </i>
<i va="04:14:720">sao </i>
<i va="04:15:040">em </i>
<i va="04:15:320">lại </i>
<i va="04:15:620">khóc, </i>
</param>
<param s="b">
<i va="04:16:900">vì </i>
<i va="04:17:200">sao </i>
<i va="04:17:460">em </i>
<i va="04:17:720">lại </i>
<i va="04:18:040">nhớ </i>
</param>
<param s="b">
<i va="04:18:980">Dẫu </i>
<i va="04:19:240">biết </i>
<i va="04:19:540">anh </i>
</param>
<param s="b">
<i va="04:20:200">chẳng </i>
<i va="04:20:480">còn </i>
<i va="04:21:080">như </i>
<i va="04:21:360">lúc </i>
<i va="04:21:700">xưa </i>
</param>
<param s="b">
<i va="04:23:200">Lệ </i>
<i va="04:23:760">cay </i>
<i va="04:24:320">khóe </i>
</param>
<param s="b">
<i va="04:24:760">vì </i>
<i va="04:25:000">một </i>
<i va="04:25:280">người </i>
<i va="04:25:940">đã </i>
<i va="04:26:220">đi </i>
</param>
<param s="b">
<i va="04:26:500">mang </i>
<i va="04:26:780">theo </i>
<i va="04:27:720">giấc </i>
<i va="04:27:960">mơ </i>
</param>
<param s="b">
<i va="04:28:940">Nơi </i>
<i va="04:29:180">đó </i>
</param>
<param s="b">
<i va="04:29:440">chôn </i>
<i va="04:29:760">giấu </i>
<i va="04:30:060">ký </i>
<i va="04:30:340">ức </i>
</param>
<param s="b">
<i va="04:30:650">cùng </i>
<i va="04:30:940">tháng </i>
<i va="04:31:260">năm </i>
<i va="04:32:020">êm </i>
<i va="04:32:440">đềm </i>
</param>
<param s="b">
<i va="04:33:700">Vì </i>
<i va="04:33:960">anh </i>
<i va="04:34:280">đã </i>
<i va="04:34:580">đi </i>
<i va="04:34:900">mãi, </i>
</param>
</data>
