<katalutu xml:lang="vi">
	<head>
		<cpr>katalutu:khaltt</cpr>
		<ten>Khóc</ten>
		<tacgia>Đông Nhi</tacgia>		
		<hoatau>http://www.musicsite.biz/mp3_uploader/files/user_songs/20120915/tuannvbg/954-13923.mp3</hoatau>
		<bieudien>Đông Nhi</bieudien>
		<quitac>katalutu</quitac><!--Nếu bài đàn có cấu trúc chơi cho nhiều lời ca, nếu không mỗi bài đàn một lời ca và mỗi DIV là một dòng không ghép lời ca khác được-->
	</head>
	<body>
<div cau="0"><p n= "" begin="00:00:19.711">* </p>
<p n= "" begin="00:00:21.711">* </p>
<p n= "" begin="00:00:23.811">* </p>
<p n= "" begin="00:00:25.711">* </p>
<p n= "" begin="00:00:28.111">Tình </p>
<p n= "" begin="00:00:28.711">tan </p>
<p n= "" begin="00:00:29.211">vỡ, </p>
</div>
<div cau="1">
<p n= "" begin="00:00:30.111">một </p>
<p n= "" begin="00:00:30.311">mình </p>
<p n= "" begin="00:00:30.611">bước </p>
<p n= "" begin="00:00:31.011">trong </p>
<p n= "" begin="00:00:31.311">đêm </p>
</div>
<div cau="2">
<p n= "" begin="00:00:32.511">Tìm </p>
<p n= "" begin="00:00:32.811">lại </p>
<p n= "" begin="00:00:33.111">những </p>
<p n= "" begin="00:00:33.411">giấc </p>
<p n= "" begin="00:00:33.711">mơ </p>
</div>
<div cau="3">
<p n= "" begin="00:00:34.311">xưa </p>
<p n= "" begin="00:00:34.611">anh </p>
<p n= "" begin="00:00:34.811">của </p>
<p n= "" begin="00:00:35.211">ngày </p>
<p n= "" begin="00:00:35.611">xưa </p>
</div>
<div cau="4">
<p n= "" begin="00:00:35.811">ấm </p>
<p n= "" begin="00:00:36.011">êm </p>
</div>
<div cau="5">
<p n= "" begin="00:00:37.311">Nào </p>
<p n= "" begin="00:00:37.611">ngờ </p>
<p n= "" begin="00:00:38.111">cơn </p>
<p n= "" begin="00:00:38.711">gió </p>
</div>
<div cau="6">
<p n= "" begin="00:00:39.411">đã </p>
<p n= "" begin="00:00:39.611">mang </p>
<p n= "" begin="00:00:40.011">sương </p>
</div>
<div cau="7">
<p n= "" begin="00:00:40.311">đến </p>
<p n= "" begin="00:00:40.511">vây </p>
<p n= "" begin="00:00:40.811">kín </p>
</div>
<div cau="8">
<p n= "" begin="00:00:41.511">Che </p>
<p n= "" begin="00:00:41.711">lấp </p>
<p n= "" begin="00:00:42.011">ánh </p>
<p n= "" begin="00:00:42.311">sáng </p>
</div>
<div cau="9">
<p n= "" begin="00:00:42.711">nơi </p>
<p n= "" begin="00:00:43.011">chân </p>
<p n= "" begin="00:00:43.311">trời, </p>
</div>
<div cau="10">
<p n= "" begin="00:00:44.511">nước </p>
<p n= "" begin="00:00:44.711">mắt </p>
<p n= "" begin="00:00:45.011">tràn </p>
<p n= "" begin="00:00:45.311">bờ </p>
<p n= "" begin="00:00:45.811">mi </p>
</div>
<div cau="11">
<p n= "" begin="00:00:47.711">Lòng </p>
<p n= "" begin="00:00:48.111">đau </p>
<p n= "" begin="00:00:48.311">xót </p>
</div>
<div cau="12">
<p n= "" begin="00:00:48.611">nghe </p>
<p n= "" begin="00:00:48.911">trái </p>
<p n= "" begin="00:00:49.211">tim </p>
<p n= "" begin="00:00:49.511">khóc </p>
</div>
<div cau="13">
<p n= "" begin="00:00:49.811">trong </p>
<p n= "" begin="00:00:50.211">lặng </p>
<p n= "" begin="00:00:50.511">câm </p>
</div>
<div cau="14">
<p n= "" begin="00:00:51.811">Mà </p>
<p n= "" begin="00:00:52.611">vì </p>
<p n= "" begin="00:00:53.011">sao </p>
</div>
<div cau="15">
<p n= "" begin="00:00:53.411">tình </p>
<p n= "" begin="00:00:53.711">em </p>
<p n= "" begin="00:00:54.011">giờ </p>
<p n= "" begin="00:00:54.311">đây </p>
</div>
<div cau="16">
<p n= "" begin="00:00:55.011">vẫn </p>
<p n= "" begin="00:00:55.511">mãi </p>
<p n= "" begin="00:00:56.111">chờ </p>
<p n= "" begin="00:00:56.511">người </p>
</div>
<div cau="17">
<p n= "" begin="00:00:57.611">Chờ </p>
<p n= "" begin="00:00:58.011">tháng </p>
<p n= "" begin="00:00:58.211">năm </p>
<p n= "" begin="00:00:58.511">yêu </p>
</div>
<div cau="18">
<p n= "" begin="00:00:58.911">ngày </p>
<p n= "" begin="00:00:59.211">xưa </p>
<p n= "" begin="00:00:59.411">giờ </p>
<p n= "" begin="00:00:59.711">mong </p>
<p n= "" begin="00:01:00.111">mãi </p>
</div>
<div cau="19">
<p n= "" begin="00:01:02.411">Ngày </p>
<p n= "" begin="00:01:02.611">anh </p>
<p n= "" begin="00:01:02.811">đi </p>
</div>
<div cau="20">
<p n= "" begin="00:01:03.111">trời </p>
<p n= "" begin="00:01:03.311">mưa </p>
<p n= "" begin="00:01:03.711">phùn </p>
<p n= "" begin="00:01:03.911">rơi </p>
</div>
<div cau="21">
<p n= "" begin="00:01:04.711">thấm </p>
<p n= "" begin="00:01:04.911">ướt </p>
<p n= "" begin="00:01:05.511">đường </p>
<p n= "" begin="00:01:06.011">dài </p>
</div>
<div cau="22">
<p n= "" begin="00:01:07.211">Để </p>
<p n= "" begin="00:01:07.511">em </p>
<p n= "" begin="00:01:07.711">ngồi </p>
<p n= "" begin="00:01:08.111">lặng </p>
<p n= "" begin="00:01:08.411">nhìn </p>
</div>
<div cau="23">
<p n= "" begin="00:01:09.111">theo </p>
<p n= "" begin="00:01:09.411">bóng </p>
<p n= "" begin="00:01:09.611">anh </p>
</div>
<div cau="24">
<p n= "" begin="00:01:11.211">Lệ </p>
<p n= "" begin="00:01:11.711">cay </p>
<p n= "" begin="00:01:12.311">khóe </p>
</div>
<div cau="25">
<p n= "" begin="00:01:12.711">vì </p>
<p n= "" begin="00:01:12.911">một </p>
<p n= "" begin="00:01:13.211">người </p>
<p n= "" begin="00:01:13.911">đã </p>
<p n= "" begin="00:01:14.211">ra </p>
<p n= "" begin="00:01:14.511">đi </p>
</div>
<div cau="26">
<p n= "" begin="00:01:14.811">không </p>
<p n= "" begin="00:01:15.711">trở </p>
<p n= "" begin="00:01:16.011">về </p>
</div>
<div cau="27">
<p n= "" begin="00:01:16.911">Nhưng </p>
<p n= "" begin="00:01:17.111">nước </p>
<p n= "" begin="00:01:17.411">mắt </p>
<p n= "" begin="00:01:17.711">đó </p>
</div>
<div cau="28">
<p n= "" begin="00:01:18.111">cũng </p>
<p n= "" begin="00:01:18.311">chỉ </p>
<p n= "" begin="00:01:18.611">làm </p>
</div>
<div cau="29">
<p n= "" begin="00:01:19.011">vết </p>
<p n= "" begin="00:01:19.211">thương </p>
<p n= "" begin="00:01:20.111">thêm </p>
<p n= "" begin="00:01:20.511">đau </p>
</div>
<div cau="30">
<p n= "" begin="00:01:21.711">Vì </p>
<p n= "" begin="00:01:21.911">sao </p>
<p n= "" begin="00:01:22.211">em </p>
<p n= "" begin="00:01:22.511">lại </p>
<p n= "" begin="00:01:22.811">khóc, </p>
</div>
<div cau="31">
<p n= "" begin="00:01:24.011">vì </p>
<p n= "" begin="00:01:24.311">sao </p>
<p n= "" begin="00:01:24.611">em </p>
<p n= "" begin="00:01:24.911">lại </p>
<p n= "" begin="00:01:25.211">nhớ </p>
</div>
<div cau="32">
<p n= "" begin="00:01:26.111">Dẫu </p>
<p n= "" begin="00:01:26.411">biết </p>
<p n= "" begin="00:01:26.711">anh </p>
</div>
<div cau="33">
<p n= "" begin="00:01:27.311">chẳng </p>
<p n= "" begin="00:01:27.611">còn </p>
<p n= "" begin="00:01:28.211">như </p>
<p n= "" begin="00:01:28.511">lúc </p>
<p n= "" begin="00:01:28.811">xưa </p>
</div>
<div cau="34">
<p n= "" begin="00:01:30.311">Lệ </p>
<p n= "" begin="00:01:30.911">cay </p>
<p n= "" begin="00:01:31.511">khóe </p>
</div>
<div cau="35">
<p n= "" begin="00:01:31.911">vì </p>
<p n= "" begin="00:01:32.111">một </p>
<p n= "" begin="00:01:32.411">người </p>
<p n= "" begin="00:01:33.011">đã </p>
<p n= "" begin="00:01:33.411">đi </p>
</div>
<div cau="36">
<p n= "" begin="00:01:33.711">mang </p>
<p n= "" begin="00:01:33.911">theo </p>
<p n= "" begin="00:01:34.811">giấc </p>
<p n= "" begin="00:01:35.111">mơ </p>
</div>
<div cau="37">
<p n= "" begin="00:01:36.111">Nơi </p>
<p n= "" begin="00:01:36.411">đó </p>
</div>
<div cau="38">
<p n= "" begin="00:01:36.611">chôn </p>
<p n= "" begin="00:01:36.911">giấu </p>
<p n= "" begin="00:01:37.211">ký </p>
<p n= "" begin="00:01:37.511">ức </p>
</div>
<div cau="39">
<p n= "" begin="00:01:37.811">cùng </p>
<p n= "" begin="00:01:38.211">tháng </p>
<p n= "" begin="00:01:38.411">năm </p>
<p n= "" begin="00:01:39.311">êm </p>
<p n= "" begin="00:01:39.711">đềm </p>
</div>
<div cau="40">
<p n= "" begin="00:01:40.811">Vì </p>
<p n= "" begin="00:01:41.211">anh </p>
<p n= "" begin="00:01:41.411">đã </p>
<p n= "" begin="00:01:41.711">đi </p>
<p n= "" begin="00:01:42.011">mãi, </p>
</div>
<div cau="41">
<p n= "" begin="00:01:43.111">vì </p>
<p n= "" begin="00:01:43.511">em </p>
<p n= "" begin="00:01:43.811">còn </p>
<p n= "" begin="00:01:44.211">yêu </p>
<p n= "" begin="00:01:44.511">anh </p>
</div>
<div cau="42">
<p n= "" begin="00:01:45.311">Dẫu </p>
<p n= "" begin="00:01:45.611">biết </p>
<p n= "" begin="00:01:45.911">anh </p>
<p n= "" begin="00:01:46.511">chẳng </p>
<p n= "" begin="00:01:46.811">còn </p>
</div>
<div cau="43">
<p n= "" begin="00:01:47.511">nhớ </p>
<p n= "" begin="00:01:47.811">đến </p>
<p n= "" begin="00:01:48.111">em </p>
<p n= "" begin="00:01:52.111"></p>
</div>
<div cau="44">
<p n= "" begin="00:03:16.711">* </p>
<p n= "" begin="00:03:18.811">* </p>
<p n= "" begin="00:03:20.611">* </p>
<p n= "" begin="00:03:22.911">* </p>
<p n= "" begin="00:03:25.511">Lệ </p>
<p n= "" begin="00:03:26.211">cay </p>
<p n= "" begin="00:03:26.811">khóe </p>
</div>
<div cau="45">
<p n= "" begin="00:03:27.111">vì </p>
<p n= "" begin="00:03:27.411">một </p>
<p n= "" begin="00:03:27.711">người </p>
<p n= "" begin="00:03:28.311">đã </p>
<p n= "" begin="00:03:28.611">ra </p>
<p n= "" begin="00:03:28.911">đi </p>
</div>
<div cau="46">
<p n= "" begin="00:03:29.211">không </p>
<p n= "" begin="00:03:30.011">trở </p>
<p n= "" begin="00:03:30.411">về </p>
</div>
<div cau="47">
<p n= "" begin="00:03:31.211">Nhưng </p>
<p n= "" begin="00:03:31.611">nước </p>
<p n= "" begin="00:03:31.811">mắt </p>
<p n= "" begin="00:03:32.111">đó </p>
</div>
<div cau="48">
<p n= "" begin="00:03:32.411">cũng </p>
<p n= "" begin="00:03:32.711">chỉ </p>
<p n= "" begin="00:03:33.011">làm </p>
</div>
<div cau="49">
<p n= "" begin="00:03:33.311">vết </p>
<p n= "" begin="00:03:33.711">thương </p>
<p n= "" begin="00:03:34.511">thêm </p>
<p n= "" begin="00:03:34.811">đau </p>
</div>
<div cau="50">
<p n= "" begin="00:03:36.011">Vì </p>
<p n= "" begin="00:03:36.311">sao </p>
<p n= "" begin="00:03:36.711">em </p>
<p n= "" begin="00:03:36.911">lại </p>
<p n= "" begin="00:03:37.211">khóc, </p>
</div>
<div cau="51">
<p n= "" begin="00:03:38.511">vì </p>
<p n= "" begin="00:03:38.711">sao </p>
<p n= "" begin="00:03:39.011">em </p>
<p n= "" begin="00:03:39.311">lại </p>
<p n= "" begin="00:03:39.611">nhớ </p>
</div>
<div cau="52">
<p n= "" begin="00:03:40.511">Dẫu </p>
<p n= "" begin="00:03:40.811">biết </p>
<p n= "" begin="00:03:41.111">anh </p>
</div>
<div cau="53">
<p n= "" begin="00:03:41.711">chẳng </p>
<p n= "" begin="00:03:42.011">còn </p>
<p n= "" begin="00:03:42.611">như </p>
<p n= "" begin="00:03:42.911">lúc </p>
<p n= "" begin="00:03:43.211">xưa </p>
</div>
<div cau="54">
<p n= "" begin="00:03:44.711">Lệ </p>
<p n= "" begin="00:03:45.311">cay </p>
<p n= "" begin="00:03:45.911">khóe </p>
</div>
<div cau="55">
<p n= "" begin="00:03:46.311">vì </p>
<p n= "" begin="00:03:46.511">một </p>
<p n= "" begin="00:03:46.811">người </p>
<p n= "" begin="00:03:47.411">đã </p>
<p n= "" begin="00:03:47.811">đi </p>
</div>
<div cau="56">
<p n= "" begin="00:03:48.111">mang </p>
<p n= "" begin="00:03:48.311">theo </p>
<p n= "" begin="00:03:49.211">giấc </p>
<p n= "" begin="00:03:49.611">mơ </p>
</div>
<div cau="57">
<p n= "" begin="00:03:50.511">Nơi </p>
<p n= "" begin="00:03:50.811">đó </p>
</div>
<div cau="58">
<p n= "" begin="00:03:51.011">chôn </p>
<p n= "" begin="00:03:51.311">giấu </p>
<p n= "" begin="00:03:51.711">ký </p>
<p n= "" begin="00:03:51.911">ức </p>
</div>
<div cau="59">
<p n= "" begin="00:03:52.211">cùng </p>
<p n= "" begin="00:03:52.511">tháng </p>
<p n= "" begin="00:03:52.811">năm </p>
<p n= "" begin="00:03:53.511">êm </p>
<p n= "" begin="00:03:54.011">đềm </p>
</div>
<div cau="60">
<p n= "" begin="00:03:55.211">Vì </p>
<p n= "" begin="00:03:55.611">anh </p>
<p n= "" begin="00:03:55.811">đã </p>
<p n= "" begin="00:03:56.111">đi </p>
<p n= "" begin="00:03:56.411">mãi, </p>
</div>
<div cau="61">
<p n= "" begin="00:03:57.511">vì </p>
<p n= "" begin="00:03:57.911">em </p>
<p n= "" begin="00:03:58.211">còn </p>
<p n= "" begin="00:03:58.511">yêu </p>
<p n= "" begin="00:03:58.811">anh </p>
</div>
<div cau="62">
<p n= "" begin="00:03:59.811">Dẫu </p>
<p n= "" begin="00:04:00.011">biết </p>
<p n= "" begin="00:04:00.311">anh </p>
<p n= "" begin="00:04:00.911">chẳng </p>
<p n= "" begin="00:04:01.211">còn </p>
</div>
<div cau="63">
<p n= "" begin="00:04:01.811">nhớ </p>
<p n= "" begin="00:04:02.211">đến </p>
<p n= "" begin="00:04:02.411">em </p>
</div>
<div cau="64">
<p n= "" begin="00:04:04.011">Lệ </p>
<p n= "" begin="00:04:04.511">cay </p>
<p n= "" begin="00:04:05.111">khóe </p>
</div>
<div cau="65">
<p n= "" begin="00:04:05.511">vì </p>
<p n= "" begin="00:04:05.811">một </p>
<p n= "" begin="00:04:06.011">người </p>
<p n= "" begin="00:04:06.711">đã </p>
<p n= "" begin="00:04:06.911">ra </p>
<p n= "" begin="00:04:07.211">đi </p>
</div>
<div cau="66">
<p n= "" begin="00:04:07.611">không </p>
<p n= "" begin="00:04:08.411">trở </p>
<p n= "" begin="00:04:08.711">về </p>
</div>
<div cau="67">
<p n= "" begin="00:04:09.711">Nhưng </p>
<p n= "" begin="00:04:10.011">nước </p>
<p n= "" begin="00:04:10.211">mắt </p>
<p n= "" begin="00:04:10.511">đó </p>
</div>
<div cau="68">
<p n= "" begin="00:04:10.911">cũng </p>
<p n= "" begin="00:04:11.211">chỉ </p>
<p n= "" begin="00:04:11.411">làm </p>
</div>
<div cau="69">
<p n= "" begin="00:04:11.711">vết </p>
<p n= "" begin="00:04:12.111">thương </p>
<p n= "" begin="00:04:13.011">thêm </p>
<p n= "" begin="00:04:13.311">đau </p>
</div>
<div cau="70">
<p n= "" begin="00:04:14.411">Vì </p>
<p n= "" begin="00:04:14.711">sao </p>
<p n= "" begin="00:04:15.011">em </p>
<p n= "" begin="00:04:15.311">lại </p>
<p n= "" begin="00:04:15.611">khóc, </p>
</div>
<div cau="71">
<p n= "" begin="00:04:16.911">vì </p>
<p n= "" begin="00:04:17.211">sao </p>
<p n= "" begin="00:04:17.411">em </p>
<p n= "" begin="00:04:17.711">lại </p>
<p n= "" begin="00:04:18.011">nhớ </p>
</div>
<div cau="72">
<p n= "" begin="00:04:18.911">Dẫu </p>
<p n= "" begin="00:04:19.211">biết </p>
<p n= "" begin="00:04:19.511">anh </p>
</div>
<div cau="73">
<p n= "" begin="00:04:20.211">chẳng </p>
<p n= "" begin="00:04:20.411">còn </p>
<p n= "" begin="00:04:21.011">như </p>
<p n= "" begin="00:04:21.311">lúc </p>
<p n= "" begin="00:04:21.711">xưa </p>
</div>
<div cau="74">
<p n= "" begin="00:04:23.211">Lệ </p>
<p n= "" begin="00:04:23.711">cay </p>
<p n= "" begin="00:04:24.311">khóe </p>
</div>
<div cau="75">
<p n= "" begin="00:04:24.711">vì </p>
<p n= "" begin="00:04:25.011">một </p>
<p n= "" begin="00:04:25.211">người </p>
<p n= "" begin="00:04:25.911">đã </p>
<p n= "" begin="00:04:26.211">đi </p>
</div>
<div cau="76">
<p n= "" begin="00:04:26.511">mang </p>
<p n= "" begin="00:04:26.711">theo </p>
<p n= "" begin="00:04:27.711">giấc </p>
<p n= "" begin="00:04:27.911">mơ </p>
</div>
<div cau="00">
<p n= "" begin="00:04:28.911">Nơi </p>
<p n= "" begin="00:04:29.111">đó </p>
</div>
<div cau="77">
<p n= "" begin="00:04:29.411">chôn </p>
<p n= "" begin="00:04:29.711">giấu </p>
<p n= "" begin="00:04:30.011">ký </p>
<p n= "" begin="00:04:30.311">ức </p>
</div>
<div cau="78">
<p n= "" begin="00:04:30.611">cùng </p>
<p n= "" begin="00:04:30.911">tháng </p>
<p n= "" begin="00:04:31.211">năm </p>
<p n= "" begin="00:04:32.011">êm </p>
<p n= "" begin="00:04:32.411">đềm </p>
</div>
<div cau="79">
<p n= "" begin="00:04:33.711">Vì </p>
<p n= "" begin="00:04:33.911">anh </p>
<p n= "" begin="00:04:34.211">đã </p>
<p n= "" begin="00:04:34.511">đi </p>
<p n= "" begin="00:04:34.911">mãi, </p>
</div>
	</body>
</katalutu>