<tt xml:lang="vi" 
	xmlns="http://www.w3.org/ns/ttml"
    xmlns:tts="http://www.w3.org/ns/ttml#styling"
    xmlns:ttm="http://www.w3.org/ns/ttml#metadata"
    xmlns:kar="http://code.google.com/p/as3-karaoke-player"> 
	<head>
		<metadata>
			<ttm:title><![CDATA[Bài Hát: Liên Khúc Tuấn Vũ 2 Phần 1]]></ttm:title>
			<ttm:desc><![CDATA[Sáng Tác: Nhiều Nhạc Sĩ<br/>Ca Sĩ: Tuấn Vũ]]></ttm:desc>
			<ttm:copyright>Copyright (C) 2010 Thanh Tran - trongthanh@gmail.com</ttm:copyright>
			<kar:audio>http://www.musicsite.biz/mp3_uploader/files/user_songs/20120915/tuannvbg/954-14368.mp3
			</kar:audio>
			<kar:autoPlay>true</kar:autoPlay>
			<!--  kar:audio>audio/hanh_phuc_bat_tan.mp3</kar:audio -->
		</metadata>
	</head>
	<body>				
		<div style="m">
		<p begin="00:01.111">Bài hát: Liên Khúc Tuấn Vũ 2 Phần 1</p>
		</div>
		<div style="m">
		<p begin="00:02.611">Ngày Xưa Anh Nói</p>
		</div>
		<div style="m">
		<p begin="00:04.011">Ca Sĩ: Tuấn Vũ</p>
		</div>
		<div style="m">
		<p begin="00:05.511">Liên khúc gồm: 20 bài hát</p>
		</div>
		<div style="m">
		<p begin="00:06.911">Bài 01: Ngày Xưa Anh Nói</p>
		</div>
		<div style="m">
		<p begin="00:08.511">Bài 02: Người Tình Và Quê Hương</p>
		</div>
		<div style="m">
		<p begin="00:10.311">Bài 03: Con Đường Xưa Em Đi</p>
		</div>
		<div style="m">
		<p begin="00:11.911">Bài 04: Sao Chưa Thấy Hồi Âm</p>
		</div>
		<div style="m">
		<p begin="00:13.611">Bài 05: Nửa Đêm Nguyện Cầu</p>
		</div>
		<div style="m">
		<p begin="00:15.211">Bài 06: Những Đồi Hoa Sim</p>
		</div>
		<div style="m">
		<p begin="00:16.911">Bài 07: Định Mệnh</p>
		</div>
		<div style="m">
		<p begin="00:18.011">Bài 08: Một Lần Dang Dở</p>
		</div>
		<div style="m">
		<p begin="00:19.511">Bài 09: Tình Cờ</p>
		</div>
		<div style="m">
		<p begin="00:21.011">Bài 10: Biển Mặn</p>
		</div>
		<div style="m">
		<p begin="00:22.511">Bài 11: Nếu Chúng Mình Cách Trở</p>
		</div>
		<div style="m">
		<p begin="00:24.411">Bài 12: Tình Yêu Trả Lại Trăng Sao</p>
		</div>
		<div style="m">
		<p begin="00:26.311">Bài 13: Lần Đầu Cũng Là Lần Cuối</p>
		</div>
		<div style="m">
		<p begin="00:27.811">Bài 14: Đôi Ngả Chia Ly</p>
		</div>
		<div style="m">
		<p begin="00:29.211">Bài 15: 24 Giờ Phép</p>
		</div>
		<div style="m">
		<p begin="00:30.911">Bài 16: Thói Đời</p>
		</div>
		<div style="m">
		<p begin="00:32.311">Bài 17: Người Yêu Cô Đơn</p>
		</div>
		<div style="m">
		<p begin="00:33.811">Bài 18: Duyên Kiếp</p>
		</div>
		<div style="m">
		<p begin="00:35.011">Bài 19: Tình Bơ Vơ</p>
		</div>
		<div style="m">
		<p begin="00:36.111">Bài 20: Đường Về Khuya</p>
		</div>
		<div style="m">
		<p begin="00:37.411"></p>
		</div>
		<div style="m">
		<p begin="00:40.011">Ngày xưa Em nói</p>
		</div>
		<div style="m">
		<p begin="00:42.411">Em chỉ có Anh thôi</p>
		</div>
		<div style="m">
		<p begin="00:44.311">không ai ngoài Anh nữa</p>
		</div>
		<div style="m">
		<p begin="00:48.311">Ngày xưa Em nói,</p>
		</div>
		<div style="m">
		<p begin="00:50.611">Anh như áng mây trôi</p>
		</div>
		<div style="m">
		<p begin="00:52.811">theo Anh về cuối trời</p>
		</div>
		<div style="m">
		<p begin="00:56.611">Muôn kiếp xây đời,</p>
		</div>
		<div style="m">
		<p begin="00:59.011">dựng lều hoa bên suối</p>
		</div>
		<div style="m">
		<p begin="01:01.311">sống cho nhau mà thôi.</p>
		</div>
		<div style="m">
		<p begin="01:03.211">Những lúc sương chiều rơi</p>
		</div>
		<div style="m">
		<p begin="01:05.211">Và khi gió lơi</p>
		</div>
		<div style="m">
		<p begin="01:06.811">rồi mùa đông băng giá</p>
		</div>
		<div style="m">
		<p begin="01:09.111">Em không ngại sầu tới.</p>
		</div>
		<div style="m">
		<p begin="01:12.311"></p>
		</div>
		<div style="m">
		<p begin="01:12.911">Ngày xưa Em nói</p>
		</div>
		<div style="m">
		<p begin="01:15.311">Không mơ ước cao sang</p>
		</div>
		<div style="m">
		<p begin="01:17.411">hay cung vàng gác tía</p>
		</div>
		<div style="m">
		<p begin="01:21.211">Ngày xưa em nói,</p>
		</div>
		<div style="m">
		<p begin="01:23.611">Anh mơ ước Em thôi</p>
		</div>
		<div style="m">
		<p begin="01:25.711">Cho tim hoà tiếng đời.</p>
		</div>
		<div style="m">
		<p begin="01:29.411">Đôi bóng chim trời</p>
		</div>
		<div style="m">
		<p begin="01:31.711">quyện vào nhau bay mãi</p>
		</div>
		<div style="m">
		<p begin="01:34.011">Tới phương xa nào đây</p>
		</div>
		<div style="m">
		<p begin="01:35.911">đón ánh sao tình yêu</p>
		</div>
		<div style="m">
		<p begin="01:38.211">buồn vui có nhau</p>
		</div>
		<div style="m">
		<p begin="01:40.111">để ngàn câu thương nhớ</p>
		</div>
		<div style="m">
		<p begin="01:42.211">xanh thắm màu nhớ thương.</p>
		</div>
		<div style="m">
		<p begin="01:44.911"></p>
		</div>
		<div style="b">
		<p begin="01:46.511">Anh đâu hay rằng</p>
		</div>
		<div style="b">
		<p begin="01:48.611">mẹ quê hôm sớm</p>
		</div>
		<div style="b">
		<p begin="01:49.911">còn hắt hiu</p>
		</div>
		<div style="b">
		<p begin="01:51.411">cùng nương sắn khoai</p>
		</div>
		<div style="b">
		<p begin="01:55.111">Anh đâu hay rằng</p>
		</div>
		<div style="b">
		<p begin="01:57.211">đàn trẻ thơ vắng cha</p>
		</div>
		<div style="b">
		<p begin="01:59.111">cày bừa thay cho người đi.</p>
		</div>
		<div style="b">
		<p begin="02:03.411">Đành lòng sao em</p>
		</div>
		<div style="b">
		<p begin="02:05.311">nỡ nào nhìn bạn bè.</p>
		</div>
		<div style="b">
		<p begin="02:07.811">Nhọc nhằn gian lao</p>
		</div>
		<div style="b">
		<p begin="02:09.411">mắt quay đi cho đành.</p>
		</div>
		<div style="b">
		<p begin="02:11.611">Đành lòng sao em,</p>
		</div>
		<div style="b">
		<p begin="02:13.511">em đành lòng sau em</p>
		</div>
		<div style="b">
		<p begin="02:15.111">ấm êm gì chỉ mình ta.</p>
		</div>
		<div style="b">
		<p begin="02:17.811"></p>
		</div>
		<div style="b">
		<p begin="02:19.311">Xin hiểu tình yêu</p>
		</div>
		<div style="b">
		<p begin="02:21.711">trong thời chiến chinh này</p>
		</div>
		<div style="b">
		<p begin="02:23.411">mấy người mơ ước cho tròn.</p>
		</div>
		<div style="b">
		<p begin="02:27.511">Càng khổ càng đau,</p>
		</div>
		<div style="b">
		<p begin="02:30.011">thì tình yêu càng sâu</p>
		</div>
		<div style="b">
		<p begin="02:31.711">đưa dắt nhau đi về bến</p>
		</div>
		<div style="b">
		<p begin="02:35.811">Ngăn cách bây giờ,</p>
		</div>
		<div style="b">
		<p begin="02:38.311">cho mai mốt sum vầy</p>
		</div>
		<div style="b">
		<p begin="02:39.811">không thấy thẹn cùng sông núi.</p>
		</div>
		<div style="b">
		<p begin="02:42.411">Mình sẽ dìu nhau</p>
		</div>
		<div style="b">
		<p begin="02:44.011">đi khắp vùng trời quê hương</p>
		</div>
		<div style="b">
		<p begin="02:46.611">Con bướm đa tình kia</p>
		</div>
		<div style="b">
		<p begin="02:48.511">sẽ dừng lại ở đây.</p>
		</div>
		<div style="m">
		<p begin="02:51.511"></p>
		</div>
		<div style="m">
		<p begin="02:52.511">Con đường xưa em đi</p>
		</div>
		<div style="m">
		<p begin="02:54.611">vàng lên mái tóc thề</p>
		</div>
		<div style="m">
		<p begin="02:56.611">ngõ hồn dâng tái tê.</p>
		</div>
		<div style="m">
		<p begin="03:00.711">Anh làm thơ vu quy</p>
		</div>
		<div style="m">
		<p begin="03:02.911">khách qua đường lắng nghe</p>
		</div>
		<div style="m">
		<p begin="03:05.011">chuyện tình ta đã ghi.</p>
		</div>
		<div style="m">
		<p begin="03:08.711">Mấy mùa trăng vu quy</p>
		</div>
		<div style="m">
		<p begin="03:11.211">vì mưa gió không về</p>
		</div>
		<div style="m">
		<p begin="03:13.211">chiến trường Anh bước đi.</p>
		</div>
		<div style="m">
		<p begin="03:17.011">Có nàng hoen đôi mi</p>
		</div>
		<div style="m">
		<p begin="03:19.411">ngóng theo đường vắng hoe</p>
		</div>
		<div style="m">
		<p begin="03:21.411">hỏi còn ai cố tri.</p>
		</div>
		<div style="m">
		<p begin="03:24.611"></p>
		</div>
		<div style="m">
		<p begin="03:25.011"></p>
		</div>
		<div style="b">
		<p begin="03:25.311">Theo năm tháng hoài mong</p>
		</div>
		<div style="b">
		<p begin="03:27.611">thư gởi đi mấy lần</p>
		</div>
		<div style="b">
		<p begin="03:29.611">đợi hồi âm chưa thấy</p>
		</div>
		<div style="b">
		<p begin="03:33.511">Em ơi nhớ rằng đây</p>
		</div>
		<div style="b">
		<p begin="03:35.911">còn có anh đêm ngày</p>
		</div>
		<div style="b">
		<p begin="03:37.911">hằng thương nhớ vơi đầy.</p>
		</div>
		<div style="b">
		<p begin="03:41.811">Ngày đi người đã hứa</p>
		</div>
		<div style="b">
		<p begin="03:44.111">toàn những lời chan chứa</p>
		</div>
		<div style="b">
		<p begin="03:46.211">còn hơn gió hơn mưa.</p>
		</div>
		<div style="b">
		<p begin="03:50.011">Mỗi tuần một lần thư</p>
		</div>
		<div style="b">
		<p begin="03:52.411">kể nghe chuyện sương gió</p>
		</div>
		<div style="b">
		<p begin="03:55.211">kể nghe chuyện ước mơ.</p>
		</div>
		<div style="b">
		<p begin="03:57.911"></p>
		</div>
		<div style="b">
		<p begin="03:58.811">Nhưng em vắng hồi thư</p>
		</div>
		<div style="b">
		<p begin="04:01.311">hay là em hững hờ</p>
		</div>
		<div style="b">
		<p begin="04:03.311">hoặc là em không nhớ.</p>
		</div>
		<div style="b">
		<p begin="04:07.111">Anh đâu khác người xưa</p>
		</div>
		<div style="b">
		<p begin="04:09.511">ngày lẫn đêm mong chờ</p>
		</div>
		<div style="b">
		<p begin="04:11.511">tình yêu nói cho vừa.</p>
		</div>
		<div style="b">
		<p begin="04:15.311">Từ lâu đành xa vắng</p>
		</div>
		<div style="b">
		<p begin="04:17.711">đời trăm ngàn cay đắng</p>
		</div>
		<div style="b">
		<p begin="04:19.811">hỏi em biết hay chăng?</p>
		</div>
		<div style="b">
		<p begin="04:23.611">Chỉ cần một hồi âm</p>
		</div>
		<div style="b">
		<p begin="04:25.911">là em mừng vui lắm</p>
		</div>
		<div style="b">
		<p begin="04:28.011">cớ sao em phụ lòng?</p>
		</div>
		<div style="m">
		<p begin="04:31.411"></p>
		</div>
		<div style="m">
		<p begin="04:33.011">Nửa đêm giáo đường</p>
		</div>
		<div style="m">
		<p begin="04:34.811">vang vọng xa xôi</p>
		</div>
		<div style="m">
		<p begin="04:36.511">Phố vui như thuở ban đầu</p>
		</div>
		<div style="m">
		<p begin="04:38.511">gặp nhau giữa đêm kinh cầu</p>
		</div>
		<div style="m">
		<p begin="04:41.411">Cầu xin suốt đời</p>
		</div>
		<div style="m">
		<p begin="04:43.011">mình mãi yêu nhau</p>
		</div>
		<div style="m">
		<p begin="04:44.811">Cho tình đó không phai màu</p>
		</div>
		<div style="m">
		<p begin="04:46.611">áo cưới về</p>
		</div>
		<div style="m">
		<p begin="04:47.311">đẹp lòng cô dâu.</p>
		</div>
		<div style="m">
		<p begin="04:49.611"></p>
		</div>
		<div style="m">
		<p begin="04:50.411">Giờ anh non cao</p>
		</div>
		<div style="m">
		<p begin="04:51.411">áo trận bạc màu</p>
		</div>
		<div style="m">
		<p begin="04:54.411">Mong anh tròn lính</p>
		</div>
		<div style="m">
		<p begin="04:55.511">chúng ta tròn đôi.</p>
		</div>
		<div style="m">
		<p begin="04:59.211">Bây giờ mình mãi xa nhau</p>
		</div>
		<div style="m">
		<p begin="05:01.211">Mai sau có anh trong đời</p>
		</div>
		<div style="m">
		<p begin="05:02.911">Đêm đông về</p>
		</div>
		<div style="m">
		<p begin="05:03.811">cũng không lạnh lùng.</p>
		</div>
		<div style="m">
		<p begin="05:06.211"></p>
		</div>
		<div style="b">
		<p begin="05:07.211">Những đồi hoa sim</p>
		</div>
		<div style="b">
		<p begin="05:09.111">ôi những đồi hoa sim</p>
		</div>
		<div style="b">
		<p begin="05:11.111">tím chiều hoang biền biệt.</p>
		</div>
		<div style="b">
		<p begin="05:15.311">Vào chuyện ngày xưa</p>
		</div>
		<div style="b">
		<p begin="05:17.811">nàng yêu hoa sim tím</p>
		</div>
		<div style="b">
		<p begin="05:19.911">khi còn tóc búi vai.</p>
		</div>
		<div style="b">
		<p begin="05:24.711">Mấy lúc xông pha</p>
		</div>
		<div style="b">
		<p begin="05:26.611">ngoài trận tuyến</p>
		</div>
		<div style="b">
		<p begin="05:28.111">ai hẹn được ngày về.</p>
		</div>
		<div style="b">
		<p begin="05:30.111">Rồi một chiều mây bay</p>
		</div>
		<div style="b">
		<p begin="05:32.911">từ nơi chiến trường</p>
		</div>
		<div style="b">
		<p begin="05:34.711">Đông Bắc đó</p>
		</div>
		<div style="b">
		<p begin="05:36.311">Lần ghé về thăm xóm</p>
		</div>
		<div style="b">
		<p begin="05:38.311">hoàng hôn khuất sau đồi.</p>
		</div>
		<div style="b">
		<p begin="05:41.911"></p>
		</div>
		<div style="b">
		<p begin="05:42.211">Những chiều hành quân</p>
		</div>
		<div style="b">
		<p begin="05:44.211">ôi những chiều hành quân</p>
		</div>
		<div style="b">
		<p begin="05:46.311">tím chiều hoang biền biệt.</p>
		</div>
		<div style="b">
		<p begin="05:50.511">Một chiều hành quân</p>
		</div>
		<div style="b">
		<p begin="05:52.811">được tin em gái mất</p>
		</div>
		<div style="b">
		<p begin="05:55.011">chiếc thuyền như vỡ đôi.</p>
		</div>
		<div style="b">
		<p begin="05:59.811">Mấy phút</p>
		</div>
		<div style="b">
		<p begin="06:01.111">không nghe được em nói</p>
		</div>
		<div style="b">
		<p begin="06:03.211">không nhìn được một lần.</p>
		</div>
		<div style="b">
		<p begin="06:05.311">Dù một lần đơn sơ</p>
		</div>
		<div style="b">
		<p begin="06:08.311">để không chết người</p>
		</div>
		<div style="b">
		<p begin="06:10.011">trai khói lửa</p>
		</div>
		<div style="b">
		<p begin="06:11.711">Mà chết người em nhỏ</p>
		</div>
		<div style="b">
		<p begin="06:13.711">hậu phương tuổi xuân thì.</p>
		</div>
		<div style="m">
		<p begin="06:17.711"></p>
		</div>
		<div style="m">
		<p begin="06:20.511">Bài hát: Liên Khúc Ngày Xưa Anh Nói (21:28)</p>
		</div>
		<div style="m">
		<p begin="06:22.811">Ca Sĩ: Tuấn Vũ</p>
		</div>
		<div style="m">
		<p begin="06:25.211">Karaoke: tuannvbg@gmail.com</p>
		</div>
		<div style="m">
		<p begin="06:27.311">Date: 2016-10-26</p>
		</div>
		<div style="m">
		<p begin="06:29.411">Chúc bạn nghe nhạc vui vẻ</p>
		</div>
		<div style="m">
		<p begin="06:32.511"></p>
		</div>
		<div style="m">
		<p begin="06:58.611">Thôi nhé em</p>
		</div>
		<div style="m">
		<p begin="06:59.611">đừng nhiều hận sầu</p>
		</div>
		<div style="m">
		<p begin="07:02.811">Đừng thương tiếc</p>
		</div>
		<div style="m">
		<p begin="07:03.911">để rồi xa nhau</p>
		</div>
		<div style="m">
		<p begin="07:06.911">Đừng trách chi</p>
		</div>
		<div style="m">
		<p begin="07:07.811">đã lỡ duyên đời</p>
		</div>
		<div style="m">
		<p begin="07:09.411">Hai chúng ta đi hai đường</p>
		</div>
		<div style="m">
		<p begin="07:11.411">Chuyện thương yêu đâu còn nữa.</p>
		</div>
		<div style="m">
		<p begin="07:15.011"></p>
		</div>
		<div style="m">
		<p begin="07:15.511">Ôm ấp chi</p>
		</div>
		<div style="m">
		<p begin="07:16.411">một định mệnh buồn</p>
		</div>
		<div style="m">
		<p begin="07:19.511">Để chua xót</p>
		</div>
		<div style="m">
		<p begin="07:20.511">những gì cho nhau</p>
		</div>
		<div style="m">
		<p begin="07:23.711">Người bước đi</p>
		</div>
		<div style="m">
		<p begin="07:24.611">mà nát tan lòng</p>
		</div>
		<div style="m">
		<p begin="07:26.311">Ai đứng trông theo ngậm hờn</p>
		</div>
		<div style="m">
		<p begin="07:28.311">Tình yêu mất đi còn đâu.</p>
		</div>
		<div style="m">
		<p begin="07:31.311"></p>
		</div>
		<div style="b">
		<p begin="07:33.211">Tình ơi sao tình</p>
		</div>
		<div style="b">
		<p begin="07:36.411">mang nhiều trái ngang</p>
		</div>
		<div style="b">
		<p begin="07:38.611">cho người lắm ê chề</p>
		</div>
		<div style="b">
		<p begin="07:41.411">Tình ơi</p>
		</div>
		<div style="b">
		<p begin="07:42.811">cuộc đời có bao lâu,</p>
		</div>
		<div style="b">
		<p begin="07:44.711">vài lần đắng cay thôi</p>
		</div>
		<div style="b">
		<p begin="07:46.811">Coi như mình đã già.</p>
		</div>
		<div style="b">
		<p begin="07:48.111"></p>
		</div>
		<div style="b">
		<p begin="07:48.911">Thôi nhé em ơi</p>
		</div>
		<div style="b">
		<p begin="07:50.311">nay ta đã xa lạ rồi</p>
		</div>
		<div style="b">
		<p begin="07:53.211">Ta chẳng còn chi</p>
		</div>
		<div style="b">
		<p begin="07:54.711">để mà lưu luyến nhau</p>
		</div>
		<div style="b">
		<p begin="07:57.611">Bước chân đi</p>
		</div>
		<div style="b">
		<p begin="07:58.711">là dứt duyên nợ rồi</p>
		</div>
		<div style="b">
		<p begin="08:01.611">Nếu gặp giữa đường</p>
		</div>
		<div style="b">
		<p begin="08:02.911">thì cũng như chẳng quen.</p>
		</div>
		<div style="m">
		<p begin="08:05.211"></p>
		</div>
		<div style="m">
		<p begin="08:06.611">Tình cờ</p>
		</div>
		<div style="m">
		<p begin="08:09.111">mà ta quen biết nhau</p>
		</div>
		<div style="m">
		<p begin="08:10.511">thật không ngờ</p>
		</div>
		<div style="m">
		<p begin="08:14.811">Tình cờ</p>
		</div>
		<div style="m">
		<p begin="08:17.211">gặp nhau bên lối đi</p>
		</div>
		<div style="m">
		<p begin="08:18.711">đầy hoa</p>
		</div>
		<div style="m">
		<p begin="08:21.911">Với mái tóc thơm</p>
		</div>
		<div style="m">
		<p begin="08:22.911">màu đất mới</p>
		</div>
		<div style="m">
		<p begin="08:23.911">Với ánh mắt mây</p>
		</div>
		<div style="m">
		<p begin="08:25.011">ngàn gió núi</p>
		</div>
		<div style="m">
		<p begin="08:26.011">Với ý sống cho ngày mai</p>
		</div>
		<div style="m">
		<p begin="08:30.111">Với những cánh tay</p>
		</div>
		<div style="m">
		<p begin="08:31.111">tràn sức sống</p>
		</div>
		<div style="m">
		<p begin="08:32.511">Với tiếng nói êm</p>
		</div>
		<div style="m">
		<p begin="08:33.511">chiều nắng ấm</p>
		</div>
		<div style="m">
		<p begin="08:34.711">Tình cờ nên duyên.</p>
		</div>
		<div style="m">
		<p begin="08:36.711"></p>
		</div>
		<div style="m">
		<p begin="08:38.711">Mới biết núi sông</p>
		</div>
		<div style="m">
		<p begin="08:39.711">là lối dẫu xa vời</p>
		</div>
		<div style="m">
		<p begin="08:42.711">Vẫn dắt díu ta tìm lối</p>
		</div>
		<div style="m">
		<p begin="08:44.811">dưới chân đồi</p>
		</div>
		<div style="m">
		<p begin="08:46.811">Gió bên sông sườn núi</p>
		</div>
		<div style="m">
		<p begin="08:48.911">Đến với nhau thầm nói</p>
		</div>
		<div style="m">
		<p begin="08:50.911">đến với em và tôi</p>
		</div>
		<div style="m">
		<p begin="08:52.711"></p>
		</div>
		<div style="m">
		<p begin="08:54.811">Sống chung trên đời</p>
		</div>
		<div style="m">
		<p begin="08:59.311">Sẽ thấy gió khô</p>
		</div>
		<div style="m">
		<p begin="09:00.211">và nắng cháy</p>
		</div>
		<div style="m">
		<p begin="09:01.411">Có tiếng lá hoa</p>
		</div>
		<div style="m">
		<p begin="09:02.311">thầm khẽ nói</p>
		</div>
		<div style="m">
		<p begin="09:03.511">hãy đón lấy em và tôi</p>
		</div>
		<div style="m">
		<p begin="09:07.611">Nắng ấm với mưa</p>
		</div>
		<div style="m">
		<p begin="09:08.511">nguồn sớm tối</p>
		</div>
		<div style="m">
		<p begin="09:09.611">Đất nước đã không ngờ</p>
		</div>
		<div style="m">
		<p begin="09:10.711">chắp nối</p>
		</div>
		<div style="m">
		<p begin="09:11.811">đời em bên tôi.</p>
		</div>
		<div style="m">
		<p begin="09:14.311"></p>
		</div>
		<div style="b">
		<p begin="09:16.611">Người yêu tôi</p>
		</div>
		<div style="b">
		<p begin="09:17.911">tôi mới quen mà thôi</p>
		</div>
		<div style="b">
		<p begin="09:20.811">Lúc dừng chân</p>
		</div>
		<div style="b">
		<p begin="09:22.011">trên vùng vừa tiếp thu</p>
		</div>
		<div style="b">
		<p begin="09:25.211">Vùng hoang vu</p>
		</div>
		<div style="b">
		<p begin="09:26.111">bóng dừa bờ cát gầy</p>
		</div>
		<div style="b">
		<p begin="09:28.411">Gió lên từng chiều vàng</p>
		</div>
		<div style="b">
		<p begin="09:29.911">nàng xõa tóc trên biển xanh</p>
		</div>
		<div style="b">
		<p begin="09:32.511"></p>
		</div>
		<div style="b">
		<p begin="09:33.311">Người yêu tôi</p>
		</div>
		<div style="b">
		<p begin="09:34.411">hay khóc trong chiều mưa</p>
		</div>
		<div style="b">
		<p begin="09:37.611">Lúc màu xanh</p>
		</div>
		<div style="b">
		<p begin="09:38.511">biển mặn đục sắc mây</p>
		</div>
		<div style="b">
		<p begin="09:41.611">Bảo yêu anh</p>
		</div>
		<div style="b">
		<p begin="09:42.611">em muốn chuyện đôi mình</p>
		</div>
		<div style="b">
		<p begin="09:44.911">Như màu xanh biển tình</p>
		</div>
		<div style="b">
		<p begin="09:46.511">trong ngày trời xinh rất xinh.</p>
		</div>
		<div style="b">
		<p begin="09:48.611"></p>
		</div>
		<div style="b">
		<p begin="09:50.111">Tôi đến lại đi</p>
		</div>
		<div style="b">
		<p begin="09:53.211">xa vắng đời tôi</p>
		</div>
		<div style="b">
		<p begin="09:54.811">chiến chinh lâu dài.</p>
		</div>
		<div style="b">
		<p begin="09:58.311">Miệt mài đường trai</p>
		</div>
		<div style="b">
		<p begin="10:01.811">vượt truông dài</p>
		</div>
		<div style="b">
		<p begin="10:03.011">che khuất biển xanh</p>
		</div>
		<div style="b">
		<p begin="10:06.611">Đẹp tựa trong tranh,</p>
		</div>
		<div style="b">
		<p begin="10:10.211">gót bùn lầy</p>
		</div>
		<div style="b">
		<p begin="10:11.511">cho lúa thêm xanh</p>
		</div>
		<div style="b">
		<p begin="10:13.811">Trong bao lần quân hành,</p>
		</div>
		<div style="b">
		<p begin="10:15.711">anh qua vùng khô cằn</p>
		</div>
		<div style="b">
		<p begin="10:17.511">Mà mồ hôi thành</p>
		</div>
		<div style="b">
		<p begin="10:18.411">biển mặn trên môi.</p>
		</div>
		<div style="m">
		<p begin="10:21.311"></p>
		</div>
		<div style="m">
		<p begin="10:21.611">Nếu lỡ chúng mình</p>
		</div>
		<div style="m">
		<p begin="10:23.011">hai đứa hai nơi</p>
		</div>
		<div style="m">
		<p begin="10:25.711">Nhìn mưa trên phố</p>
		</div>
		<div style="m">
		<p begin="10:26.911">em có thương sầu</p>
		</div>
		<div style="m">
		<p begin="10:29.811">Có nghe cay đắng</p>
		</div>
		<div style="m">
		<p begin="10:30.811">chiều mưa đổ</p>
		</div>
		<div style="m">
		<p begin="10:32.211">Có nghe lòng xót xa đau</p>
		</div>
		<div style="m">
		<p begin="10:34.411">Hay em vội quên ngày đó</p>
		</div>
		<div style="m">
		<p begin="10:37.611"></p>
		</div>
		<div style="m">
		<p begin="10:38.011">Nếu lỡ chúng mình</p>
		</div>
		<div style="m">
		<p begin="10:39.311">hai  đứa chia phôi</p>
		</div>
		<div style="m">
		<p begin="10:42.111">Vì em con gái</p>
		</div>
		<div style="m">
		<p begin="10:43.311">đã lỡ yêu rồi</p>
		</div>
		<div style="m">
		<p begin="10:46.711">Vắng anh</p>
		</div>
		<div style="m">
		<p begin="10:47.211">em biết còn ai nữa</p>
		</div>
		<div style="m">
		<p begin="10:48.811">Những khi hờn dỗi xa nhau</p>
		</div>
		<div style="m">
		<p begin="10:50.911">Còn ai đưa đón trong đời.</p>
		</div>
		<div style="m">
		<p begin="10:54.311"></p>
		</div>
		<div style="b">
		<p begin="10:54.811">Hết những ước mơ</p>
		</div>
		<div style="b">
		<p begin="10:57.111">lệ tuôn gối nhòa</p>
		</div>
		<div style="b">
		<p begin="10:59.211">Đêm dài thương nhớ.</p>
		</div>
		<div style="b">
		<p begin="11:03.211">Cuộc đời từ đây</p>
		</div>
		<div style="b">
		<p begin="11:05.811">u buồn ngang trái</p>
		</div>
		<div style="b">
		<p begin="11:07.411">Để mình anh đắng cay,</p>
		</div>
		<div style="b">
		<p begin="11:09.911">em biết cho chăng.</p>
		</div>
		<div style="b">
		<p begin="11:11.211"></p>
		</div>
		<div style="b">
		<p begin="11:11.411">Em nói rằng</p>
		</div>
		<div style="b">
		<p begin="11:12.311">trọn đời yêu anh</p>
		</div>
		<div style="b">
		<p begin="11:15.411">Sao nỡ đành</p>
		</div>
		<div style="b">
		<p begin="11:16.411">lòng nào lại quên</p>
		</div>
		<div style="b">
		<p begin="11:19.511">Câu tình ta</p>
		</div>
		<div style="b">
		<p begin="11:20.511">sẽ không nhạt màu</p>
		</div>
		<div style="b">
		<p begin="11:21.611">Câu mình thương</p>
		</div>
		<div style="b">
		<p begin="11:22.611">đến khi bạc đầu</p>
		</div>
		<div style="b">
		<p begin="11:24.211">Bây giờ trả lại trăng sao.</p>
		</div>
		<div style="m">
		<p begin="11:28.311"></p>
		</div>
		<div style="m">
		<p begin="11:29.311">Bài hát: Liên Khúc Tuấn Vũ 2 Phần 1</p>
		</div>
		<div style="m">
		<p begin="11:30.911">Ngày Xưa Anh Nói (21:28)</p>
		</div>
		<div style="m">
		<p begin="11:32.611">Karaoke: tuannvbg@gmail.com</p>
		</div>
		<div style="m">
		<p begin="11:33.911">Date: 2016-10-26</p>
		</div>
		<div style="m">
		<p begin="11:35.211">Liên khúc gồm: 20 bài hát</p>
		</div>
		<div style="m">
		<p begin="11:36.411">Bài 01: Ngày Xưa Anh Nói</p>
		</div>
		<div style="m">
		<p begin="11:37.511">Bài 02: Người Tình Và Quê Hương</p>
		</div>
		<div style="m">
		<p begin="11:38.811">Bài 03: Con Đường Xưa Em Đi</p>
		</div>
		<div style="m">
		<p begin="11:40.311">Bài 04: Sao Chưa Thấy Hồi Âm</p>
		</div>
		<div style="m">
		<p begin="11:41.811">Bài 05: Nửa Đêm Nguyện Cầu</p>
		</div>
		<div style="m">
		<p begin="11:43.211">Bài 06: Những Đồi Hoa Sim</p>
		</div>
		<div style="m">
		<p begin="11:44.911">Bài 07: Định Mệnh</p>
		</div>
		<div style="m">
		<p begin="11:46.411">Bài 08: Một Lần Dang Dở</p>
		</div>
		<div style="m">
		<p begin="11:47.911">Bài 09: Tình Cờ</p>
		</div>
		<div style="m">
		<p begin="11:49.511">Bài 10: Biển Mặn</p>
		</div>
		<div style="m">
		<p begin="11:51.211">Bài 11: Nếu Chúng Mình Cách Trở</p>
		</div>
		<div style="m">
		<p begin="11:52.911">Bài 12: Tình Yêu Trả Lại Trăng Sao</p>
		</div>
		<div style="m">
		<p begin="11:54.211">Bài 13: Lần Đầu Cũng Là Lần Cuối</p>
		</div>
		<div style="m">
		<p begin="11:55.711">Bài 14: Đôi Ngả Chia Ly</p>
		</div>
		<div style="m">
		<p begin="11:56.811">Bài 15: 24 Giờ Phép</p>
		</div>
		<div style="m">
		<p begin="11:58.011">Bài 16: Thói Đời</p>
		</div>
		<div style="m">
		<p begin="11:59.311">Bài 17: Người Yêu Cô Đơn</p>
		</div>
		<div style="m">
		<p begin="12:00.611">Bài 18: Duyên Kiếp</p>
		</div>
		<div style="m">
		<p begin="12:01.911">Bài 19: Tình Bơ Vơ</p>
		</div>
		<div style="m">
		<p begin="12:04.611">Bài 20: Đường Về Khuya</p>
		</div>
		<div style="m">
		<p begin="12:07.411"></p>
		</div>
		<div style="m">
		<p begin="12:14.711">Vẫy tay, vẫy tay chào nhau</p>
		</div>
		<div style="m">
		<p begin="12:18.311">Một lần đầu</p>
		</div>
		<div style="m">
		<p begin="12:19.911">và một lần cuối</p>
		</div>
		<div style="m">
		<p begin="12:22.811">Vẫy tay, vẫy tay chào nhau</p>
		</div>
		<div style="m">
		<p begin="12:26.511">Một lần cuối</p>
		</div>
		<div style="m">
		<p begin="12:28.311">và trọn cuộc đời.</p>
		</div>
		<div style="m">
		<p begin="12:30.411"></p>
		</div>
		<div style="m">
		<p begin="12:32.711">Đừng khóc nữa,</p>
		</div>
		<div style="m">
		<p begin="12:34.811">đừng khóc nữa em</p>
		</div>
		<div style="m">
		<p begin="12:37.011">Thôi về đi, về đi,</p>
		</div>
		<div style="m">
		<p begin="12:41.611">về đi Kẻo người ta chờ,</p>
		</div>
		<div style="m">
		<p begin="12:44.711">kẻo người ta mong</p>
		</div>
		<div style="m">
		<p begin="12:49.811">Kìa một chiếc xe hoa</p>
		</div>
		<div style="m">
		<p begin="12:53.011">đang chờ em đó</p>
		</div>
		<div style="m">
		<p begin="12:57.411">Một đóa hoa</p>
		</div>
		<div style="m">
		<p begin="12:59.111">như đón như mời</p>
		</div>
		<div style="m">
		<p begin="13:02.111">Em về đi, em về đi</p>
		</div>
		<div style="m">
		<p begin="13:05.911">mừng ngày vu quy.</p>
		</div>
		<div style="m">
		<p begin="13:09.111"></p>
		</div>
		<div style="m">
		<p begin="13:10.911">Vẫy tay, vẫy tay chào nhau</p>
		</div>
		<div style="m">
		<p begin="13:14.611">Một lần đầu</p>
		</div>
		<div style="m">
		<p begin="13:16.111">và một lần cuối</p>
		</div>
		<div style="m">
		<p begin="13:19.011">Vẫy tay, vẫy tay chào nhau</p>
		</div>
		<div style="m">
		<p begin="13:22.811">Một lần cuối</p>
		</div>
		<div style="m">
		<p begin="13:24.511">và trọn cuộc đời.</p>
		</div>
		<div style="m">
		<p begin="13:27.411"></p>
		</div>
		<div style="b">
		<p begin="13:28.111">Em ơi, em hỡi</p>
		</div>
		<div style="b">
		<p begin="13:31.211">duyên tình dù có thương đau</p>
		</div>
		<div style="b">
		<p begin="13:35.311">Nhưng lòng ta mãi yêu nhau</p>
		</div>
		<div style="b">
		<p begin="13:39.411">Cho thời gian không úa màu</p>
		</div>
		<div style="b">
		<p begin="13:44.511">Em ơi, em hỡi</p>
		</div>
		<div style="b">
		<p begin="13:47.611">xuân về nào có đâu xa</p>
		</div>
		<div style="b">
		<p begin="13:51.711">Nếu mà mỏi gót bôn ba</p>
		</div>
		<div style="b">
		<p begin="13:55.811">Anh về nối lại tình ta</p>
		</div>
		<div style="b">
		<p begin="14:00.411"></p>
		</div>
		<div style="b">
		<p begin="14:02.211">Em ơi nếu còn yêu nhau</p>
		</div>
		<div style="b">
		<p begin="14:09.411">Nhé đừng gặp nhau</p>
		</div>
		<div style="b">
		<p begin="14:11.311">cho luyến lưu khi biệt ly</p>
		</div>
		<div style="b">
		<p begin="14:13.911">Thêm vấn vương làm gì</p>
		</div>
		<div style="b">
		<p begin="14:15.711"></p>
		</div>
		<div style="b">
		<p begin="14:23.211">Em ơi, có ngờ đâu rằng</p>
		</div>
		<div style="b">
		<p begin="14:28.711">Khúc nhạc chưa tàn</p>
		</div>
		<div style="b">
		<p begin="14:30.411">Mà vội xa cách em ơi</p>
		</div>
		<div style="b">
		<p begin="14:32.511">Đôi ngả biết tìm về đâu?</p>
		</div>
		<div style="m">
		<p begin="14:35.511"></p>
		</div>
		<div style="m">
		<p begin="14:39.011">Bốn giờ đi</p>
		</div>
		<div style="m">
		<p begin="14:40.411">dài thêm bốn giờ về</p>
		</div>
		<div style="m">
		<p begin="14:43.211">Thời gian còn  lại</p>
		</div>
		<div style="m">
		<p begin="14:44.611">anh cho em tất cả em ơi</p>
		</div>
		<div style="m">
		<p begin="14:47.111">Ta đưa ta</p>
		</div>
		<div style="m">
		<p begin="14:47.611">đến vùng tuyệt vời</p>
		</div>
		<div style="m">
		<p begin="14:49.711">Ðêm lạc loài</p>
		</div>
		<div style="m">
		<p begin="14:51.411">giấc ngủ mồ côi</p>
		</div>
		<div style="m">
		<p begin="14:54.311"></p>
		</div>
		<div style="m">
		<p begin="14:55.411">Người đi chưa đợi sáng</p>
		</div>
		<div style="m">
		<p begin="14:57.611">Ðưa nhau cuối đường</p>
		</div>
		<div style="m">
		<p begin="14:59.111">sợ làm đêm vui rủ xuống</p>
		</div>
		<div style="m">
		<p begin="15:02.011">Thương quê hương</p>
		</div>
		<div style="m">
		<p begin="15:03.711">và thương bé nhỏ tình này.</p>
		</div>
		<div style="m">
		<p begin="15:06.711">Gần trong đôi mắt đỏ</p>
		</div>
		<div style="m">
		<p begin="15:08.311">Vì mình mười sáu giờ</p>
		</div>
		<div style="m">
		<p begin="15:10.511">bỏ trời đất bơ vơ.</p>
		</div>
		<div style="m">
		<p begin="15:12.411"></p>
		</div>
		<div style="m">
		<p begin="15:14.011"></p>
		</div>
		<div style="m">
		<p begin="15:17.611">Đường thương đau</p>
		</div>
		<div style="m">
		<p begin="15:18.411">đày ải nhân gian</p>
		</div>
		<div style="m">
		<p begin="15:19.611">ai chưa qua</p>
		</div>
		<div style="m">
		<p begin="15:20.511">chưa phải là người</p>
		</div>
		<div style="m">
		<p begin="15:22.511">Trong thói đời,</p>
		</div>
		<div style="m">
		<p begin="15:24.311">cười ra nước mắt,</p>
		</div>
		<div style="m">
		<p begin="15:26.211">xưa trắng tay</p>
		</div>
		<div style="m">
		<p begin="15:26.811">gọi tên bằng hữu.</p>
		</div>
		<div style="m">
		<p begin="15:28.211">Giờ giàu sang</p>
		</div>
		<div style="m">
		<p begin="15:28.911">quên kẻ tâm giao,</p>
		</div>
		<div style="m">
		<p begin="15:29.911">còn gian dối cho nhau.</p>
		</div>
		<div style="m">
		<p begin="15:33.111"></p>
		</div>
		<div style="m">
		<p begin="15:34.011">Người yêu ta</p>
		</div>
		<div style="m">
		<p begin="15:35.011">rồi cũng xa ta</p>
		</div>
		<div style="m">
		<p begin="15:36.111">nên chung thân</p>
		</div>
		<div style="m">
		<p begin="15:37.011">ta giận cuộc đời</p>
		</div>
		<div style="m">
		<p begin="15:39.111">Đôi mắt nào</p>
		</div>
		<div style="m">
		<p begin="15:40.911">từng đêm buốt giá</p>
		</div>
		<div style="m">
		<p begin="15:42.611">bên chiếu chăn</p>
		</div>
		<div style="m">
		<p begin="15:43.411">tình xa nhịp thở,</p>
		</div>
		<div style="m">
		<p begin="15:44.611">Tiền đổi thay</p>
		</div>
		<div style="m">
		<p begin="15:45.511">khi rủ cơn mê</p>
		</div>
		<div style="m">
		<p begin="15:46.411">để chua xót trên lối về.</p>
		</div>
		<div style="m">
		<p begin="15:49.611"></p>
		</div>
		<div style="m">
		<p begin="15:51.711">Tôi quen,</p>
		</div>
		<div style="m">
		<p begin="15:53.011">tôi đã quen rồi em</p>
		</div>
		<div style="m">
		<p begin="15:55.011">Dang dở trong tình yêu</p>
		</div>
		<div style="m">
		<p begin="15:57.011">tôi không xây trên bạc vàng.</p>
		</div>
		<div style="m">
		<p begin="16:00.711">Tôi quen,</p>
		</div>
		<div style="m">
		<p begin="16:01.711">tôi đã quen rồi em</p>
		</div>
		<div style="m">
		<p begin="16:03.611">Em khóc làm chi nữa</p>
		</div>
		<div style="m">
		<p begin="16:05.711">bận lòng gì kẻ trắng tay</p>
		</div>
		<div style="m">
		<p begin="16:08.311"></p>
		</div>
		<div style="m">
		<p begin="16:08.511">Tôi xin,</p>
		</div>
		<div style="m">
		<p begin="16:09.711">xin chúc em ngày mai</p>
		</div>
		<div style="m">
		<p begin="16:11.811">Hoa gấm ngọc ngà luôn</p>
		</div>
		<div style="m">
		<p begin="16:13.511">vây quanh em cả cuộc đời</p>
		</div>
		<div style="m">
		<p begin="16:16.911">Riêng tôi</p>
		</div>
		<div style="m">
		<p begin="16:18.211">duyên kiếp luôn dở dang</p>
		</div>
		<div style="m">
		<p begin="16:20.111">Nên suốt đời tôi vẫn</p>
		</div>
		<div style="m">
		<p begin="16:21.711">yêu cô đơn như tình nhân</p>
		</div>
		<div style="m">
		<p begin="16:24.111"></p>
		</div>
		<div style="m">
		<p begin="16:24.711">Đời tôi cô đơn bao</p>
		</div>
		<div style="m">
		<p begin="16:26.511">năm qua vẫn cô đơn</p>
		</div>
		<div style="m">
		<p begin="16:29.111">Dù ai đẹp đôi</p>
		</div>
		<div style="m">
		<p begin="16:30.111">nhưng riêng tôi vẫn lạnh lùng</p>
		</div>
		<div style="m">
		<p begin="16:33.111">Trời cho tôi  cô đơn</p>
		</div>
		<div style="m">
		<p begin="16:34.711">bao nhiêu lần nữa  đây</p>
		</div>
		<div style="m">
		<p begin="16:36.811">Tôi không hề trách đời</p>
		</div>
		<div style="m">
		<p begin="16:38.511">hay giận đời mau đổi thay.</p>
		</div>
		<div style="m">
		<p begin="16:40.811"></p>
		</div>
		<div style="b">
		<p begin="16:42.411">Em ơi nếu mộng</p>
		</div>
		<div style="b">
		<p begin="16:43.311">không thành thì sao</p>
		</div>
		<div style="b">
		<p begin="16:46.511">Non cao đất rộng</p>
		</div>
		<div style="b">
		<p begin="16:47.611">biết đâu mà tìm</p>
		</div>
		<div style="b">
		<p begin="16:50.711">Đường đời mịt mờ</p>
		</div>
		<div style="b">
		<p begin="16:51.711">vạn nẻo về đâu</p>
		</div>
		<div style="b">
		<p begin="16:54.711">Mong chờ duyên kiếp</p>
		</div>
		<div style="b">
		<p begin="16:55.911">đưa lối bắc cầu</p>
		</div>
		<div style="b">
		<p begin="16:58.411"></p>
		</div>
		<div style="b">
		<p begin="16:58.811">Em ơi nhắc lại</p>
		</div>
		<div style="b">
		<p begin="17:00.011">phút xưa gặp nhau</p>
		</div>
		<div style="b">
		<p begin="17:03.011">Trên đê vắng người</p>
		</div>
		<div style="b">
		<p begin="17:04.011">lúc tan chợ chiều</p>
		</div>
		<div style="b">
		<p begin="17:07.211">Ngại ngùng mỗi lần</p>
		</div>
		<div style="b">
		<p begin="17:08.511">anh đến làm quen</p>
		</div>
		<div style="b">
		<p begin="17:11.311">Má em ửng hồng</p>
		</div>
		<div style="b">
		<p begin="17:12.411">vì quá thẹn thùng.</p>
		</div>
		<div style="m">
		<p begin="17:15.011"></p>
		</div>
		<div style="m">
		<p begin="17:16.711">Càng nhìn em, yêu em hơn</p>
		</div>
		<div style="m">
		<p begin="17:20.111">và yêu em mãi</p>
		</div>
		<div style="m">
		<p begin="17:23.111">Dù phút êm đềm xa xưa,</p>
		</div>
		<div style="m">
		<p begin="17:27.211">nay đã đi vào quên lãng</p>
		</div>
		<div style="m">
		<p begin="17:32.911">Trời vào thu,</p>
		</div>
		<div style="m">
		<p begin="17:35.411">Việt Nam buồn lắm em ơi</p>
		</div>
		<div style="m">
		<p begin="17:39.411">Mây tím đang dâng cao vời,</p>
		</div>
		<div style="m">
		<p begin="17:43.211">mà tình yêu chưa lên  ngôi.</p>
		</div>
		<div style="m">
		<p begin="17:48.811"></p>
		</div>
		<div style="m">
		<p begin="17:49.811">Ngày mình yêu,</p>
		</div>
		<div style="m">
		<p begin="17:52.011">anh đâu hay tình ta gian dối</p>
		</div>
		<div style="m">
		<p begin="17:56.111">Để bước phong trần tha phương,</p>
		</div>
		<div style="m">
		<p begin="18:00.311">em khóc cho đời viễn xứ</p>
		</div>
		<div style="m">
		<p begin="18:06.011">Về làm chi,</p>
		</div>
		<div style="m">
		<p begin="18:08.511">rồi em lặng lẻ ra đi</p>
		</div>
		<div style="m">
		<p begin="18:12.511">Gom góp yêu thương quê nhà,</p>
		</div>
		<div style="m">
		<p begin="18:16.611">dâng hết cho người tình xa.</p>
		</div>
		<div style="m">
		<p begin="18:20.911"></p>
		</div>
		<div style="m">
		<p begin="18:21.811"></p>
		</div>
		<div style="m">
		<p begin="18:22.811">Đường khuya vắng người</p>
		</div>
		<div style="b">
		<p begin="18:26.011">mến thương xa rồi</p>
		</div>
		<div style="b">
		<p begin="18:31.111">Mình tôi lắng hồn</p>
		</div>
		<div style="b">
		<p begin="18:34.311">theo tiếng mưa rơi</p>
		</div>
		<div style="b">
		<p begin="18:38.911">Lối về còn là</p>
		</div>
		<div style="b">
		<p begin="18:41.511">bao hình bóng</p>
		</div>
		<div style="b">
		<p begin="18:43.511">Nhớ lúc chia tay</p>
		</div>
		<div style="b">
		<p begin="18:45.411">giữa đêm sương mờ</p>
		</div>
		<div style="b">
		<p begin="18:47.011">bùi ngùi thôi chẳng nói</p>
		</div>
		<div style="b">
		<p begin="18:49.411">Bóng ai xa  rồi</p>
		</div>
		<div style="b">
		<p begin="18:50.911">còn ai đứng nhìn theo</p>
		</div>
		<div style="b">
		<p begin="18:54.511"></p>
		</div>
		<div style="b">
		<p begin="18:55.211">Ngày xưa Anh nói</p>
		</div>
		<div style="b">
		<p begin="18:57.611">Anh thương có em thôi</p>
		</div>
		<div style="b">
		<p begin="18:59.611">không ai ngoài em nữa</p>
		</div>
		<div style="b">
		<p begin="19:03.411">Ngày xưa anh nói,</p>
		</div>
		<div style="b">
		<p begin="19:05.811">em như áng mây trôi</p>
		</div>
		<div style="b">
		<p begin="19:07.911">Theo anh về cuối trời</p>
		</div>
		<div style="b">
		<p begin="19:11.611">Muôn kiếp xây đời,</p>
		</div>
		<div style="b">
		<p begin="19:13.911">dựng lều hoa bên suối</p>
		</div>
		<div style="b">
		<p begin="19:16.011">Sống cho nhau mà thôi</p>
		</div>
		<div style="b">
		<p begin="19:18.311">những lúc sương chiều rơi</p>
		</div>
		<div style="b">
		<p begin="19:20.411">Và khi gió lơi</p>
		</div>
		<div style="b">
		<p begin="19:22.211">rồi mùa đông băng giá</p>
		</div>
		<div style="b">
		<p begin="19:24.411">em không ngại sầu tới</p>
		</div>
		<div style="b">
		<p begin="19:27.611"></p>
		</div>
		<div style="b">
		<p begin="19:28.211">Ngày xưa em nói</p>
		</div>
		<div style="b">
		<p begin="19:30.611">Không mơ ước cao sang</p>
		</div>
		<div style="b">
		<p begin="19:32.611">hay cung vàng gác tía</p>
		</div>
		<div style="b">
		<p begin="19:36.511">Ngày xưa em nói,</p>
		</div>
		<div style="b">
		<p begin="19:38.911">em yêu có anh thôi</p>
		</div>
		<div style="b">
		<p begin="19:40.911">Cho tim hoà tiếng đời</p>
		</div>
		<div style="b">
		<p begin="19:44.811">Đôi bóng chim trời</p>
		</div>
		<div style="b">
		<p begin="19:47.211">quyện vào nhau bay mãi</p>
		</div>
		<div style="b">
		<p begin="19:49.111">Tới phương xa nào đây</p>
		</div>
		<div style="b">
		<p begin="19:51.411">đón ánh sao tình yêu</p>
		</div>
		<div style="b">
		<p begin="19:53.511">Buồn vui có nhau</p>
		</div>
		<div style="b">
		<p begin="19:55.511">để ngàn câu thương nhớ</p>
		</div>
		<div style="b">
		<p begin="19:57.511">Xanh thắm màu nhớ thương.</p>
		</div>
		<div style="b">
		<p begin="20:00.411"></p>
		</div>
		<div style="b">
		<p begin="20:01.311">Con đường xưa em đi</p>
		</div>
		<div style="b">
		<p begin="20:03.711">vàng lên mái tóc thề</p>
		</div>
		<div style="b">
		<p begin="20:05.811">ngõ hồn dâng tái tê</p>
		</div>
		<div style="b">
		<p begin="20:09.511">Anh làm thơ vu quy</p>
		</div>
		<div style="b">
		<p begin="20:11.911">khách qua đường lắng nghe</p>
		</div>
		<div style="b">
		<p begin="20:13.911">chuyện tình ta đã ghi</p>
		</div>
		<div style="b">
		<p begin="20:17.711">Mấy mùa trăng vu quy</p>
		</div>
		<div style="b">
		<p begin="20:20.211">vì mưa gió không về</p>
		</div>
		<div style="b">
		<p begin="20:22.211">chiến trường anh bước đi</p>
		</div>
		<div style="b">
		<p begin="20:26.011">Có nàng hoen đôi mi</p>
		</div>
		<div style="b">
		<p begin="20:28.411">ngóng theo đường vắng hoe</p>
		</div>
		<div style="b">
		<p begin="20:30.511">hỏi còn ai cố tri.</p>
		</div>
		<div style="b">
		<p begin="20:33.811"></p>
		</div>
		<div style="b">
		<p begin="20:35.511">Vẫy tay, vẫy tay chào nhau</p>
		</div>
		<div style="b">
		<p begin="20:39.411">Một lần đầu</p>
		</div>
		<div style="b">
		<p begin="20:41.011">và một lần cuối</p>
		</div>
		<div style="b">
		<p begin="20:43.911">Vẫy tay, vẫy tay chào nhau</p>
		</div>
		<div style="b">
		<p begin="20:47.611">Một lần cuối và trọn cuộc đời.</p>
		</div>
		<div style="b">
		<p begin="20:52.011">Vẫy tay, vẫy tay chào nhau</p>
		</div>
		<div style="b">
		<p begin="20:55.811">Một lần đầu</p>
		</div>
		<div style="b">
		<p begin="20:57.411">và một lần cuối</p>
		</div>
		<div style="b">
		<p begin="21:00.511">Vẫy tay, vẫy tay chào nhau</p>
		</div>
		<div style="b">
		<p begin="21:04.111">Một lần cuối và trọn cuộc đời</p>
		</div>
		<div style="b">
		<p begin="21:08.611">Vẫy tay, vẫy tay chào nhau</p>
		</div>
		<div style="b">
		<p begin="21:12.311">Một lần đầu</p>
		</div>
		<div style="b">
		<p begin="21:13.811">và một lần cuối</p>
		</div>
		<div style="b">
		<p begin="21:16.811">Vẫy tay, vẫy tay chào nhau</p>
		</div>
		<div style="b">
		<p begin="21:20.611">Một lần cuối và trọn cuộc đời</p>
		</div>
		<div style="b">
		<p begin="21:22.811" dur="4000"></p>
		</div>
	</body>
</tt>
