﻿<data>
<param s="b">
<i va="00:36:76">Những ngày chưa nhập ngũ</i>
</param>
<param s="b">
<i va="00:38:66">Anh hay dắt Em về</i>
</param>
<param s="b">
<i va="00:40:46">vùng ngoại ô</i>
</param>
<param s="b">
<i va="00:41:47">có cỏ bông mây</i>
</param>
<param s="b">
<i va="00:42:94">Ở đây Em vắng thưa người</i>
</param>
<param s="b">
<i va="00:45:25">Còn ta với trời,</i>
</param>
<param s="b">
<i va="00:47:24">thời gian vào đêm</i>
</param>
<param s="b">
<i va="00:49:28">Rừng sao là nến,</i>
</param>
<param s="b">
<i va="00:50:83">khói sương giăng gối cỏ quen.</i>
</param>
<param s="b">
<i va="00:52:50"></i>
</param>
<param s="b">
<i va="00:53:31">Tóc mây thơm mùi cỏ</i>
</param>
<param s="b">
<i va="00:55:37">đưa anh thoát xa dần,</i>
</param>
<param s="b">
<i va="00:56:97">vùng trần gian</i>
</param>
<param s="b">
<i va="00:58:04">Với những ưu tư.</i>
</param>
<param s="b">
<i va="00:59:52">cỏ may đan dấu chân tròn</i>
</param>
<param s="b">
<i va="01:01:89">Đường đi ướt mòn.</i>
</param>
<param s="b">
<i va="01:03:88">sợ khi người đi</i>
</param>
<param s="b">
<i va="01:05:92">Để thương, để nhớ</i>
</param>
<param s="b">
<i va="01:07:48">tiếng yêu đương</i>
</param>
<param s="b">
<i va="01:08:53">ai nỡ chối từ.</i>
</param>
<param s="b">
<i va="01:09:33"></i>
</param>
<param s="b">
<i va="01:11:26">Người đến bên mình</i>
</param>
<param s="b">
<i va="01:13:00">khi vui trăm ngàn lưu luyến</i>
</param>
<param s="b">
<i va="01:15:13">Nhưng hoa xưa</i>
</param>
<param s="b">
<i va="01:16:04">đã tàn úa đâu còn.</i>
</param>
<param s="b">
<i va="01:19:53">Đời ta là bến</i>
</param>
<param s="b">
<i va="01:21:39">ai qua ghé thăm đôi lần</i>
</param>
<param s="b">
<i va="01:23:38">Nhớ chăng</i>
</param>
<param s="b">
<i va="01:23:81">tiếng ca cung đàn ngày xưa.</i>
</param>
<param s="b">
<i va="01:27:36"></i>
</param>
<param s="b">
<i va="01:27:78">Đêm nay bên thềm</i>
</param>
<param s="b">
<i va="01:29:34">một bóng ai</i>
</param>
<param s="b">
<i va="01:31:95">Dừng chân bước</i>
</param>
<param s="b">
<i va="01:33:00">giang hồ phiêu linh</i>
</param>
<param s="b">
<i va="01:36:10">Mưa đêm vẫn rơi</i>
</param>
<param s="b">
<i va="01:37:53">mãi không ngừng</i>
</param>
<param s="b">
<i va="01:39:27">Có người ca sĩ</i>
</param>
<param s="b">
<i va="01:41:27">khóc đời quạnh hiu.</i>
</param>
<param s="b">
<i va="01:42:81"></i>
</param>
<param s="b">
<i va="01:45:31">Nếu Em về bên Anh</i>
</param>
<param s="b">
<i va="01:49:46">Những năm sầu thương</i>
</param>
<param s="b">
<i va="01:50:57">sẽ không còn.</i>
</param>
<param s="b">
<i va="01:53:58">Một mùa xuân</i>
</param>
<param s="b">
<i va="01:54:27">lá hoa kết  tình.</i>
</param>
<param s="b">
<i va="01:57:60">Một mùa thu nắng</i>
</param>
<param s="b">
<i va="01:58:79">mây ghép hình</i>
</param>
<param s="b">
<i va="01:59:83"></i>
</param>
<param s="b">
<i va="02:02:26">Nếu Em về bên Anh</i>
</param>
<param s="b">
<i va="02:06:48">Bến sông ngày xưa</i>
</param>
<param s="b">
<i va="02:07:47">sẽ  êm đềm.</i>
</param>
<param s="b">
<i va="02:10:21">Ðể chiều mưa rót</i>
</param>
<param s="b">
<i va="02:10:76">muôn phím đàn.</i>
</param>
<param s="b">
<i va="02:14:24">Ðể mùa trăng lướt</i>
</param>
<param s="b">
<i va="02:15:32">đôi cánh mềm.</i>
</param>
<param s="b">
<i va="02:17:24"></i>
</param>
<param s="b">
<i va="02:20:28">Anh vẫn hỏi</i>
</param>
<param s="b">
<i va="02:20:65">lòng Anh từng ngày.</i>
</param>
<param s="b">
<i va="02:23:95">Tại sao Em phụ Anh cho</i>
</param>
<param s="b">
<i va="02:26:18">đành lòng?</i>
</param>
<param s="b">
<i va="02:28:54">Anh vẫn hỏi</i>
</param>
<param s="b">
<i va="02:29:35">lòng Anh từng giờ.</i>
</param>
<param s="b">
<i va="02:32:28">Tình Em hay tình loài</i>
</param>
<param s="b">
<i va="02:34:07">bươm bướm bay?</i>
</param>
<param s="b">
<i va="02:36:56"></i>
</param>
<param s="b">
<i va="02:36:86">Yêu người như thế đó</i>
</param>
<param s="b">
<i va="02:41:06">nên lỡ một lầm hai.</i>
</param>
<param s="b">
<i va="02:45:12">Đời đừng rao bán nữa</i>
</param>
<param s="b">
<i va="02:47:98">Chuyện vàng đá năm xưa.</i>
</param>
<param s="b">
<i va="02:49:78">Khi mình tôi</i>
</param>
<param s="b">
<i va="02:50:53">trọn kiếp bơ vơ.</i>
</param>
<param s="b">
<i va="02:51:41"></i>
</param>
<param s="b">
<i va="02:52:77">Em ơi, Anh đi</i>
</param>
<param s="b">
<i va="02:53:88">vì nước non mình đợi chờ.</i>
</param>
<param s="b">
<i va="02:56:86">Muôn quân đang reo</i>
</param>
<param s="b">
<i va="02:58:16">lửa khói tung ngập màu cờ.</i>
</param>
<param s="b">
<i va="03:01:09">Thân trai ra đi</i>
</param>
<param s="b">
<i va="03:02:21">nợ nước đôi vai gánh nặng</i>
</param>
<param s="b">
<i va="03:04:88">Buồn chi cách xa</i>
</param>
<param s="b">
<i va="03:06:31">vì ngày vui sẽ không xa.</i>
</param>
<param s="b">
<i va="03:07:99"></i>
</param>
<param s="b">
<i va="03:09:41">Hôm nay Anh đi</i>
</param>
<param s="b">
<i va="03:10:59">vì muốn duyên mình đẹp màu.</i>
</param>
<param s="b">
<i va="03:13:64">Bao năm chia ly</i>
</param>
<param s="b">
<i va="03:14:75">là mấy trăm vạn ngày sầu.</i>
</param>
<param s="b">
<i va="03:17:73">Vui lên đi Em</i>
</param>
<param s="b">
<i va="03:18:86">rượu tiễn sao không uống cạn?</i>
</param>
<param s="b">
<i va="03:21:57">Để Anh bước đi</i>
</param>
<param s="b">
<i va="03:22:95">cho phí chí mộng làm trai.</i>
</param>
<param s="b">
<i va="03:24:81"></i>
</param>
<param s="b">
<i va="03:25:67">Ta tiếc cho Em</i>
</param>
<param s="b">
<i va="03:28:22">trong cuộc đời làm người.</i>
</param>
<param s="b">
<i va="03:33:93">Ta xót xa thay,</i>
</param>
<param s="b">
<i va="03:36:86">Em là một cánh hoa rơi.</i>
</param>
<param s="b">
<i va="03:42:34">Người đời vô tình</i>
</param>
<param s="b">
<i va="03:44:51">giẫm nát thân Em.</i>
</param>
<param s="b">
<i va="03:46:55">Người đời vô tình</i>
</param>
<param s="b">
<i va="03:48:47">giày xéo thân Em.</i>
</param>
<param s="b">
<i va="03:50:66">Người đời vô tình</i>
</param>
<param s="b">
<i va="03:52:71">giết chết đời Em.</i>
</param>
<param s="b">
<i va="03:56:30"></i>
</param>
<param s="b">
<i va="03:56:99">Em hỡi Em ơi,</i>
</param>
<param s="b">
<i va="03:59:40">trong đèn màu mờ mờ.</i>
</param>
<param s="b">
<i va="04:05:05">Sau những cơn say,</i>
</param>
<param s="b">
<i va="04:07:91">thấy hồn mình có bơ vơ.</i>
</param>
<param s="b">
<i va="04:13:37">Và từng đêm về</i>
</param>
<param s="b">
<i va="04:15:62">lòng có cô đơn?</i>
</param>
<param s="b">
<i va="04:17:61">Và từng đêm về</i>
</param>
<param s="b">
<i va="04:19:66">hồn có đau thương?</i>
</param>
<param s="b">
<i va="04:21:83">Và từng đêm về</i>
</param>
<param s="b">
<i va="04:23:82">lệ có đầy vơi?</i>
</param>
<param s="b">
<i va="04:27:23"></i>
</param>
<param s="b">
<i va="04:29:33">Một người vừa đi lặng lẽ</i>
</param>
<param s="b">
<i va="04:33:13">Trên con đường vắng ngoại ô.</i>
</param>
<param s="b">
<i va="04:37:24">Lạnh lùng nhà tranh ngủ sớm</i>
</param>
<param s="b">
<i va="04:41:52">Nên bóng đêm càng mơ hồ.</i>
</param>
<param s="b">
<i va="04:44:12"></i>
</param>
<param s="b">
<i va="04:45:62">Ngọn đèn vàng</i>
</param>
<param s="b">
<i va="04:46:73">không vừa sáng</i>
</param>
<param s="b">
<i va="04:49:85">Cây cau gục ngả màu đen</i>
</param>
<param s="b">
<i va="04:54:00">Bâng khuâng</i>
</param>
<param s="b">
<i va="04:54:74">đôi gót phong trần.</i>
</param>
<param s="b">
<i va="04:58:17">Từ biệt kinh thành</i>
</param>
<param s="b">
<i va="04:59:35">đầy nhớ thương.</i>
</param>
<param s="b">
<i va="05:01:33"></i>
</param>
<param s="b">
<i va="05:32:03">Anh biết Em</i>
</param>
<param s="b">
<i va="05:33:83">đi chẳng trở về.</i>
</param>
<param s="b">
<i va="05:40:10">Dặm ngàn liễu khuất</i>
</param>
<param s="b">
<i va="05:43:76">với sương che.</i>
</param>
<param s="b">
<i va="05:48:42">Em đừng quay</i>
</param>
<param s="b">
<i va="05:51:02">lại nhìn anh nữa.</i>
</param>
<param s="b">
<i va="05:56:74">Anh biết Em</i>
</param>
<param s="b">
<i va="05:59:35">đi chẳng trở về.</i>
</param>
<param s="b">
<i va="06:02:51"></i>
</param>
<param s="b">
<i va="06:04:94">Nhớ lúc chiến tuyến</i>
</param>
<param s="b">
<i va="06:06:11">những đêm nhìn trăng lên</i>
</param>
<param s="b">
<i va="06:08:16">trên đồi hoa sim.</i>
</param>
<param s="b">
<i va="06:13:19">Kê chung ba lô</i>
</param>
<param s="b">
<i va="06:14:37">nằm canh giữa rừng già</i>
</param>
<param s="b">
<i va="06:16:56">chuyện trò vu vơ.</i>
</param>
<param s="b">
<i va="06:21:58">Tiếc nhớ biết mấy</i>
</param>
<param s="b">
<i va="06:22:64">những khi mình chia tay</i>
</param>
<param s="b">
<i va="06:24:89">bao giờ gặp đây.</i>
</param>
<param s="b">
<i va="06:30:01">Anh đưa hoa sim</i>
</param>
<param s="b">
<i va="06:31:27">cài lên áo bạn mình</i>
</param>
<param s="b">
<i va="06:33:38">miệng cười ái  ân.</i>
</param>
<param s="b">
<i va="06:35:80"></i>
</param>
<param s="b">
<i va="06:38:96">Sao không thấy Em lại</i>
</param>
<param s="b">
<i va="06:43:06">Để cùng Anh thẩn thơ?</i>
</param>
<param s="b">
<i va="06:46:94">Trước sân trăng vời vợi</i>
</param>
<param s="b">
<i va="06:51:52">Để rồi cùng ước mơ.</i>
</param>
<param s="b">
<i va="06:55:33"></i>
</param>
<param s="b">
<i va="06:55:59">Sao không thấy Em lại</i>
</param>
<param s="b">
<i va="06:59:61">Hàng dừa nghiêng thương nhớ?</i>
</param>
<param s="b">
<i va="07:03:65">Và khúc ân tình</i>
</param>
<param s="b">
<i va="07:06:07">biết trao về đâu?</i>
</param>
<param s="b">
<i va="07:09:30"></i>
</param>
<param s="b">
<i va="07:10:72">Ngày Em đến mang theo</i>
</param>
<param s="b">
<i va="07:12:11">mùa xuân đôi tám.</i>
</param>
<param s="b">
<i va="07:14:88">Đời chưa đến</i>
</param>
<param s="b">
<i va="07:15:76">chan bằng nét yêu.</i>
</param>
<param s="b">
<i va="07:18:98">Làn mi ướt mắt nai</i>
</param>
<param s="b">
<i va="07:20:23">tròn xoe ngơ ngác</i>
</param>
<param s="b">
<i va="07:22:59">Bé ơi,</i>
</param>
<param s="b">
<i va="07:23:65">nhìn Em, anh ngẩn ngơ.</i>
</param>
<param s="b">
<i va="07:26:00"></i>
</param>
<param s="b">
<i va="07:27:31">Và Anh hát cho Em</i>
</param>
<param s="b">
<i va="07:28:69">bài ca thương nhớ</i>
</param>
<param s="b">
<i va="07:31:42">Dù mơ ước chỉ là ước mơ.</i>
</param>
<param s="b">
<i va="07:35:57">Rồi đêm tối</i>
</param>
<param s="b">
<i va="07:36:38">dáng Em về gây thương nhớ.</i>
</param>
<param s="b">
<i va="07:39:05">Nhớ thương làm Anh</i>
</param>
<param s="b">
<i va="07:40:47">chết trong mong chờ.</i>
</param>
<param s="b">
<i va="07:42:84"></i>
</param>
<param s="b">
<i va="08:02:03">Ðôi khi Anh trộm nhìn Em</i>
</param>
<param s="b">
<i va="08:05:69">Xem dung nhan đó</i>
</param>
<param s="b">
<i va="08:07:13">bây chứ giờ ra sao?</i>
</param>
<param s="b">
<i va="08:10:28">Em có còn đôi má đào</i>
</param>
<param s="b">
<i va="08:14:62">như ngày nào.</i>
</param>
<param s="b">
<i va="08:18:37">Kể từ khi vắng nhau</i>
</param>
<param s="b">
<i va="08:21:20">thương Em</i>
</param>
<param s="b">
<i va="08:22:33">như tấm vải lụa đào.</i>
</param>
<param s="b">
<i va="08:24:94">Thương thâu đêm</i>
</param>
<param s="b">
<i va="08:26:69">giấc ngủ xanh xao.</i>
</param>
<param s="b">
<i va="08:29:05">Em có bề nào</i>
</param>
<param s="b">
<i va="08:30:77">ai đón đưa Em?</i>
</param>
<param s="b">
<i va="08:33:88"></i>
</param>
<param s="b">
<i va="08:35:48">Quán vắng mưa khuya</i>
</param>
<param s="b">
<i va="08:37:03">nhớ khúc ca nghẹn lời.</i>
</param>
<param s="b">
<i va="08:39:58">Tí tách rơi rơi</i>
</param>
<param s="b">
<i va="08:41:06">ray rứt trong lòng người.</i>
</param>
<param s="b">
<i va="08:43:74">Chăn hẹp thừa vai run môi</i>
</param>
<param s="b">
<i va="08:45:78">đêm dài chờ sáng buốt gối.</i>
</param>
<param s="b">
<i va="08:47:84">Gió lùa lá rơi,</i>
</param>
<param s="b">
<i va="08:49:73">sầu lên mãi mãi.</i>
</param>
<param s="b">
<i va="08:51:38"></i>
</param>
<param s="b">
<i va="08:52:80">Chừng nào mưa thôi rơi</i>
</param>
<param s="b">
<i va="08:54:61">đường về nắng lấp lối.</i>
</param>
<param s="b">
<i va="08:56:78">Mưa tan vào sương khói</i>
</param>
<param s="b">
<i va="08:58:71">xuôi về nguồn.</i>
</param>
<param s="b">
<i va="09:00:69">Cuộc tình duyên năm xưa</i>
</param>
<param s="b">
<i va="09:02:98">xa nhau còn thương nhớ.</i>
</param>
<param s="b">
<i va="09:05:29">Những lúc nghe gió về</i>
</param>
<param s="b">
<i va="09:07:22">kể chuyện mưa.</i>
</param>
<param s="b">
<i va="09:08:40"></i>
</param>
<param s="b">
<i va="09:09:37">Em ơi</i>
</param>
<param s="b">
<i va="09:12:22">nếu đừng dang dở.</i>
</param>
<param s="b">
<i va="09:16:39">nếu đừng dang dở</i>
</param>
<param s="b">
<i va="09:18:37">Thì tình ta như bài thơ</i>
</param>
<param s="b">
<i va="09:21:11">đẹp như giấc mơ.</i>
</param>
<param s="b">
<i va="09:26:02">Em ơi</i>
</param>
<param s="b">
<i va="09:29:25">lệ ướt hoen mi.</i>
</param>
<param s="b">
<i va="09:33:40">còn ước mong chi</i>
</param>
<param s="b">
<i va="09:34:95">Kiếp sau chờ nhau Em nhé</i>
</param>
<param s="b">
<i va="09:37:57">thôi sầu biệt ly.</i>
</param>
<param s="b">
<i va="09:41:10"></i>
</param>
<param s="b">
<i va="09:55:36">Nhà nàng ở cạnh nhà  tôi</i>
</param>
<param s="b">
<i va="09:58:83">Cách nhau cái dậu</i>
</param>
<param s="b">
<i va="10:00:69">mồng tơi xanh rờn.</i>
</param>
<param s="b">
<i va="10:03:69">Hai người sống giữa cô đơn</i>
</param>
<param s="b">
<i va="10:06:85">Nàng như cũng có</i>
</param>
<param s="b">
<i va="10:09:01">nỗi buồn giống tôi.</i>
</param>
<param s="b">
<i va="10:10:64"></i>
</param>
<param s="b">
<i va="10:11:88">Giá không có dậu mồng tơi</i>
</param>
<param s="b">
<i va="10:15:23">Thế nào tôi cũng</i>
</param>
<param s="b">
<i va="10:17:34">qua chơi thăm nàng.</i>
</param>
<param s="b">
<i va="10:20:01">Tôi chiêm bao</i>
</param>
<param s="b">
<i va="10:21:81">rất nhẹ nhàng.</i>
</param>
<param s="b">
<i va="10:23:61">Một con bướm trắng</i>
</param>
<param s="b">
<i va="10:25:74">thường sang bên này.</i>
</param>
<param s="b">
<i va="10:27:66"></i>
</param>
<param s="b">
<i va="10:28:33">Thuở học trò</i>
</param>
<param s="b">
<i va="10:29:94">còn buồn vu vơ,</i>
</param>
<param s="b">
<i va="10:32:36">Thức bao đêm</i>
</param>
<param s="b">
<i va="10:33:58">làm thơ rồi đợi chờ.</i>
</param>
<param s="b">
<i va="10:36:43">Mưa trắng đêm</i>
</param>
<param s="b">
<i va="10:38:12">vào khung cửa nhỏ,</i>
</param>
<param s="b">
<i va="10:40:54">Ngỡ thầm là</i>
</param>
<param s="b">
<i va="10:42:22">người thơ qua trong mơ.</i>
</param>
<param s="b">
<i va="10:44:81">Phút vấn vương</i>
</param>
<param s="b">
<i va="10:46:19">bàng hoàng hơi sương,</i>
</param>
<param s="b">
<i va="10:48:94">Nửa vầng trăng</i>
</param>
<param s="b">
<i va="10:50:60">vọng gác đêm trường.</i>
</param>
<param s="b">
<i va="10:53:70">Trăng còn in trên gối chiếc</i>
</param>
<param s="b">
<i va="10:56:43">thì còn nhiều thắm thiết</i>
</param>
<param s="b">
<i va="10:58:86">và mơ ước thêm nhiều.</i>
</param>
<param s="b">
<i va="11:00:66"></i>
</param>
<param s="b">
<i va="11:01:96">Em ơi, Em ơi</i>
</param>
<param s="b">
<i va="11:05:26">Anh vẫn biết rằng.</i>
</param>
<param s="b">
<i va="11:07:68">Con chim quý</i>
</param>
<param s="b">
<i va="11:09:36">phải ở lầu son.</i>
</param>
<param s="b">
<i va="11:11:85">Nên Anh không trách</i>
</param>
<param s="b">
<i va="11:13:64">là Em bội bạc.</i>
</param>
<param s="b">
<i va="11:17:99">Mà Em ơi</i>
</param>
<param s="b">
<i va="11:19:91">anh chỉ trách Em.</i>
</param>
<param s="b">
<i va="11:22:64">Trách Em,</i>
</param>
<param s="b">
<i va="11:24:64">sao Em không nói</i>
</param>
<param s="b">
<i va="11:26:50">thật lòng mình?</i>
</param>
<param s="b">
<i va="11:28:79">Sao Em gian dối</i>
</param>
<param s="b">
<i va="11:30:66">để làm gì?</i>
</param>
<param s="b">
<i va="11:32:64"></i>
</param>
<param s="b">
<i va="11:35:19">Hãy nhìn một lần sau chót</i>
</param>
<param s="b">
<i va="11:38:92">Chén ly bôi, uống đi Em.</i>
</param>
<param s="b">
<i va="11:43:01">Sao Em mắt lệ</i>
</param>
<param s="b">
<i va="11:45:43">nhạt nhòa?</i>
</param>
<param s="b">
<i va="11:49:28">Cuộc tình nào</i>
</param>
<param s="b">
<i va="11:50:96">rồi cũng phôi pha.</i>
</param>
<param s="b">
<i va="11:53:39">Một đường tàu</i>
</param>
<param s="b">
<i va="11:55:19">biết mấy sân ga.</i>
</param>
<param s="b">
<i va="11:57:99">Xin Em xem anh</i>
</param>
<param s="b">
<i va="12:01:22">như một ga nhỏ,</i>
</param>
<param s="b">
<i va="12:04:64">dọc đường.</i>
</param>
<param s="b">
<i va="12:07:37"></i>
</param>
<param s="b">
<i va="12:07:89">Tôi ca không hay</i>
</param>
<param s="b">
<i va="12:10:05">tôi đàn nghe cũng dở.</i>
</param>
<param s="b">
<i va="12:12:34">Nhưng nàng khen nhiều</i>
</param>
<param s="b">
<i va="12:13:84">và thật nhiều.</i>
</param>
<param s="b">
<i va="12:15:21">Làm tôi thấy</i>
</param>
<param s="b">
<i va="12:16:19">trong tâm tư xôn sao</i>
</param>
<param s="b">
<i va="12:18:31">Như lời âu yếm mặn nồng</i>
</param>
<param s="b">
<i va="12:20:23">Của đôi lứa yêu nhau.</i>
</param>
<param s="b">
<i va="12:23:40"></i>
</param>
<param s="b">
<i va="12:24:60">Hai năm trôi qua,</i>
</param>
<param s="b">
<i va="12:26:64">ân tình không dám ngỏ</i>
</param>
<param s="b">
<i va="12:28:98">Tôi sợ thân mình</i>
</param>
<param s="b">
<i va="12:30:46">là bọt bèo.</i>
</param>
<param s="b">
<i va="12:31:90">Làm sao dám mơ</i>
</param>
<param s="b">
<i va="12:32:96">duyên tơ mai sau.</i>
</param>
<param s="b">
<i va="12:35:07">Tôi sợ ngang trái làm</i>
</param>
<param s="b">
<i va="12:36:82">phận đời</i>
</param>
<param s="b">
<i va="12:37:37">Chua xót thương đau.</i>
</param>
<param s="b">
<i va="12:40:04"></i>
</param>
<param s="b">
<i va="12:42:15">Anh đi rừng chưa thay lá</i>
</param>
<param s="b">
<i va="12:46:31">Em về rừng lá thay chưa?</i>
</param>
<param s="b">
<i va="12:50:42">Phố  cũ bây chừ xa lạ</i>
</param>
<param s="b">
<i va="12:54:70">Hắt hiu đợi gió giao mùa.</i>
</param>
<param s="b">
<i va="12:58:86">Xuân xưa</i>
</param>
<param s="b">
<i va="13:00:05">mình chung đôi bóng.</i>
</param>
<param s="b">
<i va="13:02:90">Xuân này</i>
</param>
<param s="b">
<i va="13:04:27">mình ngóng trông nhau.</i>
</param>
<param s="b">
<i va="13:07:24">Hun hút</i>
</param>
<param s="b">
<i va="13:08:43">phương trời vô vọng.</i>
</param>
<param s="b">
<i va="13:11:34">Nhớ thương</i>
</param>
<param s="b">
<i va="13:12:53">bạc trắng mái đầu.</i>
</param>
<param s="b">
<i va="13:14:91"></i>
</param>
<param s="b">
<i va="13:15:84">Xin cho tôi được một lần</i>
</param>
<param s="b">
<i va="13:18:66">Nhìn đàn chim trắng bay</i>
</param>
<param s="b">
<i va="13:20:94">dập dìu qua đó đây.</i>
</param>
<param s="b">
<i va="13:23:85">Ngày đó</i>
</param>
<param s="b">
<i va="13:24:97">được nghe súng im  hơi</i>
</param>
<param s="b">
<i va="13:27:01">Ðời thôi oán thôi hờn</i>
</param>
<param s="b">
<i va="13:29:06">mến thương cùng kiếp người.</i>
</param>
<param s="b">
<i va="13:31:06"></i>
</param>
<param s="b">
<i va="13:33:29">Cho tôi được một lần</i>
</param>
<param s="b">
<i va="13:35:21">nhìn quê hương đợi sáng.</i>
</param>
<param s="b">
<i va="13:38:63">Một lần nhân</i>
</param>
<param s="b">
<i va="13:39:69">nghĩa sống lên ngôi.</i>
</param>
<param s="b">
<i va="13:42:62">Người người</i>
</param>
<param s="b">
<i va="13:43:66">cùng chung vui một lối.</i>
</param>
<param s="b">
<i va="13:45:84">Ðời thôi không lừa dối</i>
</param>
<param s="b">
<i va="13:47:89">vì đã yêu thương rồi.</i>
</param>
<param s="b">
<i va="13:51:06">Người người</i>
</param>
<param s="b">
<i va="13:52:11">cùng chung vui một lối.</i>
</param>
<param s="b">
<i va="13:54:16">Ðời thôi không lừa  dối</i>
</param>
<param s="b">
<i va="13:56:27">vì đã yêu thương rồi.</i>
</param>
<param s="b">
<i va="13:58:36"></i>
</param>
<param s="b">
<i va="13:59:54">Người người</i>
</param>
<param s="b">
<i va="14:00:53">cùng chung vui một lối.</i>
</param>
<param s="b">
<i va="14:02:52">Ðời thôi không lừa dối</i>
</param>
<param s="b">
<i va="14:04:70">vì đã yêu thương rồi.</i>
</param>
<param s="b">
<i va="14:06:93"></i>
</param>
<param s="b">
<i va="14:07:86">Người người</i>
</param>
<param s="b">
<i va="14:08:92">cùng chung vui một lối.</i>
</param>
<param s="b">
<i va="14:10:85">Ðời thôi không lừa dối</i>
</param>
<param s="b">
<i va="14:12:96">vì đã yêu thương rồi.</i>
</param>
<param s="b">
<i va="14:15:13"></i>
</param>
<param s="b">
<i va="14:16:12">Người người</i>
</param>
<param s="b">
<i va="14:17:25">cùng chung vui một lối.</i>
</param>
<param s="b">
<i va="14:19:23">Ðời thôi không lừa dối</i>
</param>
<param s="b">
<i va="14:21:34">vì đã yêu thương rồi.</i>
</param>
<param s="b">
<i va="14:23:51"></i>
</param>
<param s="b">
<i va="14:24:44">Người người</i>
</param>
<param s="b">
<i va="14:25:57">cùng chung vui một lối.</i>
</param>
<param s="b">
<i va="14:27:50">Ðời thôi không lừa dối</i>
</param>
<param s="b">
<i va="14:29:66">vì đã yêu thương rồi.</i>
</param>
<param s="b">
<i va="14:32:27"></i>
</param>
<param s="b">
<i va="14:32:88">Người người</i>
</param>
<param s="b">
<i va="14:33:89">cùng chung vui một lối.</i>
</param>
<param s="b">
<i va="14:35:87">Ðời thôi không lừa dối</i>
</param>
<param s="b">
<i va="14:37:98">vì đã yêu thương rồi.</i>
</param>
</data>