		<p begin="18:22.811">Đường khuya vắng người</p>
		</div>
		<div style="b">
		<p begin="18:26.011">mến thương xa rồi</p>
		</div>
		<div style="b">
		<p begin="18:31.111">Mình tôi lắng hồn</p>
		</div>
		<div style="b">
		<p begin="18:34.311">theo tiếng mưa rơi</p>
		</div>
		<div style="b">
		<p begin="18:38.911">Lối về còn là</p>
		</div>
		<div style="b">
		<p begin="18:41.511">bao hình bóng</p>
		</div>
		<div style="b">
		<p begin="18:43.511">Nhớ lúc chia tay</p>
		</div>
		<div style="b">
		<p begin="18:45.411">giữa đêm sương mờ</p>
		</div>
		<div style="b">
		<p begin="18:47.011">bùi ngùi thôi chẳng nói</p>
		</div>
		<div style="b">
		<p begin="18:49.411">Bóng ai xa  rồi</p>
		</div>
		<div style="b">
		<p begin="18:50.911">còn ai đứng nhìn theo</p>
		</div>
		<div style="b">
		<p begin="18:54.511"></p>
		</div>
		<div style="b">
		<p begin="18:55.211">Ngày xưa Anh nói</p>
		</div>
		<div style="b">
		<p begin="18:57.611">Anh thương có em thôi</p>
		</div>
		<div style="b">
		<p begin="18:59.611">không ai ngoài em nữa</p>
		</div>
		<div style="b">
		<p begin="19:03.411">Ngày xưa anh nói,</p>
		</div>
		<div style="b">
		<p begin="19:05.811">em như áng mây trôi</p>
		</div>
		<div style="b">
		<p begin="19:07.911">Theo anh về cuối trời</p>
		</div>
		<div style="b">
		<p begin="19:11.611">Muôn kiếp xây đời,</p>
		</div>
		<div style="b">
		<p begin="19:13.911">dựng lều hoa bên suối</p>
		</div>
		<div style="b">
		<p begin="19:16.011">Sống cho nhau mà thôi</p>
		</div>
		<div style="b">
		<p begin="19:18.311">những lúc sương chiều rơi</p>
		</div>
		<div style="b">
		<p begin="19:20.411">Và khi gió lơi</p>
		</div>
		<div style="b">
		<p begin="19:22.211">rồi mùa đông băng giá</p>
		</div>
		<div style="b">
		<p begin="19:24.411">em không ngại sầu tới</p>
		</div>
		<div style="b">
		<p begin="19:27.611"></p>
		</div>
		<div style="b">
		<p begin="19:28.211">Ngày xưa em nói</p>
		</div>
		<div style="b">
		<p begin="19:30.611">Không mơ ước cao sang</p>
		</div>
		<div style="b">
		<p begin="19:32.611">hay cung vàng gác tía</p>
		</div>
		<div style="b">
		<p begin="19:36.511">Ngày xưa em nói,</p>
		</div>
		<div style="b">
		<p begin="19:38.911">em yêu có anh thôi</p>
		</div>
		<div style="b">
		<p begin="19:40.911">Cho tim hoà tiếng đời</p>
		</div>
		<div style="b">
		<p begin="19:44.811">Đôi bóng chim trời</p>
		</div>
		<div style="b">
		<p begin="19:47.211">quyện vào nhau bay mãi</p>
		</div>
		<div style="b">
		<p begin="19:49.111">Tới phương xa nào đây</p>
		</div>
		<div style="b">
		<p begin="19:51.411">đón ánh sao tình yêu</p>
		</div>
		<div style="b">
		<p begin="19:53.511">Buồn vui có nhau</p>
		</div>
		<div style="b">
		<p begin="19:55.511">để ngàn câu thương nhớ</p>
		</div>
		<div style="b">
		<p begin="19:57.511">Xanh thắm màu nhớ thương.</p>
		</div>
		<div style="b">
		<p begin="20:00.411"></p>
		</div>
		<div style="b">
		<p begin="20:01.311">Con đường xưa em đi</p>
		</div>
		<div style="b">
		<p begin="20:03.711">vàng lên mái tóc thề</p>
		</div>
		<div style="b">
		<p begin="20:05.811">ngõ hồn dâng tái tê</p>
		</div>
		<div style="b">
		<p begin="20:09.511">Anh làm thơ vu quy</p>
		</div>
		<div style="b">
		<p begin="20:11.911">khách qua đường lắng nghe</p>
		</div>
		<div style="b">
		<p begin="20:13.911">chuyện tình ta đã ghi</p>
		</div>
		<div style="b">
		<p begin="20:17.711">Mấy mùa trăng vu quy</p>
		</div>
		<div style="b">
		<p begin="20:20.211">vì mưa gió không về</p>
		</div>
		<div style="b">
		<p begin="20:22.211">chiến trường anh bước đi</p>
		</div>
		<div style="b">
		<p begin="20:26.011">Có nàng hoen đôi mi</p>
		</div>
		<div style="b">
		<p begin="20:28.411">ngóng theo đường vắng hoe</p>
		</div>
		<div style="b">
		<p begin="20:30.511">hỏi còn ai cố tri.</p>
		</div>
		<div style="b">
		<p begin="20:33.811"></p>
		</div>
		<div style="b">
		<p begin="20:35.511">Vẫy tay, vẫy tay chào nhau</p>
		</div>
		<div style="b">
		<p begin="20:39.411">Một lần đầu</p>
		</div>
		<div style="b">
		<p begin="20:41.011">và một lần cuối</p>
		</div>
		<div style="b">
		<p begin="20:43.911">Vẫy tay, vẫy tay chào nhau</p>
		</div>
		<div style="b">
		<p begin="20:47.611">Một lần cuối và trọn cuộc đời.</p>
		</div>
		<div style="b">
		<p begin="20:52.011">Vẫy tay, vẫy tay chào nhau</p>
		</div>
		<div style="b">
		<p begin="20:55.811">Một lần đầu</p>
		</div>
		<div style="b">
		<p begin="20:57.411">và một lần cuối</p>
		</div>
		<div style="b">
		<p begin="21:00.511">Vẫy tay, vẫy tay chào nhau</p>
		</div>
		<div style="b">
		<p begin="21:04.111">Một lần cuối và trọn cuộc đời</p>
		</div>
		<div style="b">
		<p begin="21:08.611">Vẫy tay, vẫy tay chào nhau</p>
		</div>
		<div style="b">
		<p begin="21:12.311">Một lần đầu</p>
		</div>
		<div style="b">
		<p begin="21:13.811">và một lần cuối</p>
		</div>
		<div style="b">
		<p begin="21:16.811">Vẫy tay, vẫy tay chào nhau</p>
		</div>
		<div style="b">
		<p begin="21:20.611">Một lần cuối và trọn cuộc đời</p>
		</div>
		<div style="b">
		<p begin="21:22.811" dur="4000"></p>
		</div>