<data>
<title> Nhật Ký</title>
<singer> Triệu Hoàng</singer>
<param s="m">
<i va="by: tuannvbg"></i>
</param>
<param s="m">
<i va="length: 04:16"></i>
</param>
<param s="m">
<i va="id: abozuicu"></i>
</param>
<param s="m">
<i va="00:01:23">Bài hát: Nhật Ký</i>
</param>
<param s="m">
<i va="00:02:41">Ca sĩ: Triệu Hoàng</i>
</param>
<param s="m">
<i va="00:04:10">Karaoke: tuannvbg@gmail.com</i>
</param>
<param s="m">
<i va="00:06:08">Date: 25-11-2016</i>
</param>
<param s="m">
<i va="00:08:81"></i>
</param>
<param s="m">
<i va="00:26:47">Nhìn lại kỷ niệm</i>
</param>
<param s="m">
<i va="00:27:66">bên trang nhật ký úa màu</i>
</param>
<param s="m">
<i va="00:30:58">Mình đã ghi bao lâu,</i>
</param>
<param s="m">
<i va="00:33:50">vết tích xưa phai nhàu,</i>
</param>
<param s="m">
<i va="00:35:92">vết tích yêu em lần đầu</i>
</param>
<param s="m">
<i va="00:39:09">Đã phôi pha thật mau,</i>
</param>
<param s="m">
<i va="00:41:94">những trang giấy u sầu..</i>
</param>
<param s="m">
<i va="00:45:60"></i>
</param>
<param s="m">
<i va="00:49:77">Đọc lại từng dòng ghi trong</i>
</param>
<param s="m">
<i va="00:51:82">ngày tháng ngóng đợi,</i>
</param>
<param s="m">
<i va="00:54:01">Từ lúc em đi rồi,</i>
</param>
<param s="m">
<i va="00:57:03">cách chia mãi trong đời.</i>
</param>
<param s="m">
<i va="00:59:52">Anh nhớ em rất nhiều,</i>
</param>
<param s="m">
<i va="01:02:56">anh ước mong tình yêu,</i>
</param>
<param s="m">
<i va="01:05:04">chỉ thấy heo may</i>
</param>
<param s="m">
<i va="01:06:48">về gieo từng chiều</i>
</param>
<param s="m">
<i va="01:09:64"></i>
</param>
<param s="m">
<i va="01:11:00">Yêu đến đau lòng,</i>
</param>
<param s="m">
<i va="01:14:25">đau đến vô cùng.</i>
</param>
<param s="m">
<i va="01:17:11">Mỗi khi đêm về giữa cô đơn</i>
</param>
<param s="m">
<i va="01:19:66">trái tim anh khóc thầm,</i>
</param>
<param s="m">
<i va="01:22:64">Nước mắt cay hơn rượu nồng,</i>
</param>
<param s="m">
<i va="01:25:68">buốt giá hơn mưa mùa đông..</i>
</param>
<param s="m">
<i va="01:28:52">Khi đã xa cách muôn trùng.</i>
</param>
<param s="m">
<i va="01:32:45"></i>
</param>
<param s="m">
<i va="01:34:40">Yêu đến đau lòng,</i>
</param>
<param s="m">
<i va="01:37:42">đau đến vô cùng,</i>
</param>
<param s="m">
<i va="01:40:28">Đến hôm nay chỉ muốn quên đi</i>
</param>
<param s="m">
<i va="01:43:28">người yêu ơi biết không?</i>
</param>
<param s="m">
<i va="01:46:05">Đốt đi tháng năm mơ mộng,</i>
</param>
<param s="m">
<i va="01:48:96">đốt lưu bút ghi về em,</i>
</param>
<param s="m">
<i va="01:51:85">Hãy như vẫn chưa</i>
</param>
<param s="m">
<i va="01:53:44">từng yêu bao giờ...</i>
</param>
<param s="m">
<i va="01:57:23"></i>
</param>
<param s="m">
<i va="01:59:45">Bài hát: Nhật Ký</i>
</param>
<param s="m">
<i va="02:01:20">Ca sĩ: Triệu Hoàng</i>
</param>
<param s="m">
<i va="02:03:44">Karaoke: tuannvbg</i>
</param>
<param s="m">
<i va="02:05:61">Date: 25-11-2016</i>
</param>
<param s="m">
<i va="02:08:56">Chúc các bạn nghe nhạc vui vẻ</i>
</param>
<param s="m">
<i va="02:11:60"></i>
</param>
<param s="m">
<i va="02:21:76">Đọc lại từng dòng ghi trong</i>
</param>
<param s="m">
<i va="02:23:87">ngày tháng ngóng đợi,</i>
</param>
<param s="m">
<i va="02:26:23">Từ lúc em đi rồi,</i>
</param>
<param s="m">
<i va="02:29:11">cách chia mãi trong đời.</i>
</param>
<param s="m">
<i va="02:31:57">Anh nhớ em rất nhiều,</i>
</param>
<param s="m">
<i va="02:34:50">Cứ mãi trông mong tình yêu,</i>
</param>
<param s="m">
<i va="02:37:40">chỉ thấy heo may</i>
</param>
<param s="m">
<i va="02:38:94">về gieo xót xa....</i>
</param>
<param s="m">
<i va="02:42:16"></i>
</param>
<param s="m">
<i va="02:43:32">Yêu đến đau lòng,</i>
</param>
<param s="m">
<i va="02:46:45">đau đến vô cùng.</i>
</param>
<param s="m">
<i va="02:49:25">Mỗi khi đêm về giữa cô đơn</i>
</param>
<param s="m">
<i va="02:51:92">trái tim anh khóc thầm,</i>
</param>
<param s="m">
<i va="02:54:83">Nước mắt cay hơn rượu nồng,</i>
</param>
<param s="m">
<i va="02:57:76">buốt giá hơn mưa mùa đông..</i>
</param>
<param s="m">
<i va="03:00:67">Khi đã xa cách muôn trùng.</i>
</param>
<param s="m">
<i va="03:03:84"></i>
</param>
<param s="m">
<i va="03:06:65">Yêu đến đau lòng,</i>
</param>
<param s="m">
<i va="03:09:67">đau đến vô cùng,</i>
</param>
<param s="m">
<i va="03:12:53">Đến hôm nay chỉ muốn quên đi</i>
</param>
<param s="m">
<i va="03:15:34">người yêu ơi biết không?</i>
</param>
<param s="m">
<i va="03:18:27">Đốt đi tháng năm mơ mộng,</i>
</param>
<param s="m">
<i va="03:21:18">đốt lưu bút ghi về em,</i>
</param>
<param s="m">
<i va="03:24:09">Hãy như vẫn chưa từng</i>
</param>
<param s="m">
<i va="03:25:68">yêu... mãi mãi...</i>
</param>
<param s="m">
<i va="03:28:84"></i>
</param>
<param s="m">
<i va="03:30:34">Ôi rất lâu rồi...</i>
</param>
<param s="m">
<i va="03:33:25">em đã xa xôi...</i>
</param>
<param s="m">
<i va="03:36:17">Những thương yêu ngày đó</i>
</param>
<param s="m">
<i va="03:37:97">hôm nay còn theo anh mãi thôi,</i>
</param>
<param s="m">
<i va="03:41:63">Cuốn lưu bút ghi một thời,</i>
</param>
<param s="m">
<i va="03:44:49">có anh với em người hỡi...</i>
</param>
<param s="m">
<i va="03:50:77">Nay quá xa vời...</i>
</param>
<param s="m">
<i va="03:56:41"></i>
</param>
</data>
