<tt xml:lang="vi" 
	xmlns="http://www.w3.org/ns/ttml"
    xmlns:tts="http://www.w3.org/ns/ttml#styling"
    xmlns:ttm="http://www.w3.org/ns/ttml#metadata"
    xmlns:kar="http://code.google.com/p/as3-karaoke-player"> 
	<head>
		<metadata>
			<ttm:title><![CDATA[Bài Hát: Nhật Ký]]></ttm:title>
			<ttm:desc><![CDATA[Ca Sĩ: Triệu Hoàng]]></ttm:desc>
			<ttm:copyright>Copyright (C) 2010 Thanh Tran - trongthanh@gmail.com</ttm:copyright>
			<kar:audio>http://k003.kiwi6.com/hotlink/jl2xpsy7fc/Nhat_Ky_-_Trieu_Hoang.mp3</kar:audio>
		</metadata>
	</head>
<body>
<div style="m">
<p begin="00:01.211">Bài hát: Nhật Ký</p>
</div>
<div style="m">
<p begin="00:02.411">Ca sĩ: Triệu Hoàng</p>
</div>
<div style="m">
<p begin="00:04.111">Karaoke: tuannvbg@gmail.com</p>
</div>
<div style="m">
<p begin="00:06.011">Date: 25-11-2016</p>
</div>
<div style="m">
<p begin="00:08.811"></p>
</div>
<div style="m">
<p begin="00:26.411">Nhìn lại kỷ niệm</p>
</div>
<div style="m">
<p begin="00:27.611">bên trang nhật ký úa màu</p>
</div>
<div style="m">
<p begin="00:30.511">Mình đã ghi bao lâu,</p>
</div>
<div style="m">
<p begin="00:33.511">vết tích xưa phai nhàu,</p>
</div>
<div style="m">
<p begin="00:35.911">vết tích yêu em lần đầu</p>
</div>
<div style="m">
<p begin="00:39.011">Đã phôi pha thật mau,</p>
</div>
<div style="m">
<p begin="00:41.911">những trang giấy u sầu..</p>
</div>
<div style="m">
<p begin="00:45.611"></p>
</div>
<div style="m">
<p begin="00:49.711">Đọc lại từng dòng ghi trong</p>
</div>
<div style="m">
<p begin="00:51.811">ngày tháng ngóng đợi,</p>
</div>
<div style="m">
<p begin="00:54.011">Từ lúc em đi rồi,</p>
</div>
<div style="m">
<p begin="00:57.011">cách chia mãi trong đời.</p>
</div>
<div style="m">
<p begin="00:59.511">Anh nhớ em rất nhiều,</p>
</div>
<div style="m">
<p begin="01:02.511">anh ước mong tình yêu,</p>
</div>
<div style="m">
<p begin="01:05.011">chỉ thấy heo may</p>
</div>
<div style="m">
<p begin="01:06.411">về gieo từng chiều</p>
</div>
<div style="m">
<p begin="01:09.611"></p>
</div>
<div style="m">
<p begin="01:11.011">Yêu đến đau lòng,</p>
</div>
<div style="m">
<p begin="01:14.211">đau đến vô cùng.</p>
</div>
<div style="m">
<p begin="01:17.111">Mỗi khi đêm về giữa cô đơn</p>
</div>
<div style="m">
<p begin="01:19.611">trái tim anh khóc thầm,</p>
</div>
<div style="m">
<p begin="01:22.611">Nước mắt cay hơn rượu nồng,</p>
</div>
<div style="m">
<p begin="01:25.611">buốt giá hơn mưa mùa đông..</p>
</div>
<div style="m">
<p begin="01:28.511">Khi đã xa cách muôn trùng.</p>
</div>
<div style="m">
<p begin="01:32.411"></p>
</div>
<div style="m">
<p begin="01:34.411">Yêu đến đau lòng,</p>
</div>
<div style="m">
<p begin="01:37.411">đau đến vô cùng,</p>
</div>
<div style="m">
<p begin="01:40.211">Đến hôm nay chỉ muốn quên đi</p>
</div>
<div style="m">
<p begin="01:43.211">người yêu ơi biết không?</p>
</div>
<div style="m">
<p begin="01:46.011">Đốt đi tháng năm mơ mộng,</p>
</div>
<div style="m">
<p begin="01:48.911">đốt lưu bút ghi về em,</p>
</div>
<div style="m">
<p begin="01:51.811">Hãy như vẫn chưa</p>
</div>
<div style="m">
<p begin="01:53.411">từng yêu bao giờ...</p>
</div>
<div style="m">
<p begin="01:57.211"></p>
</div>
<div style="m">
<p begin="01:59.411">Bài hát: Nhật Ký</p>
</div>
<div style="m">
<p begin="02:01.211">Ca sĩ: Triệu Hoàng</p>
</div>
<div style="m">
<p begin="02:03.411">Karaoke: tuannvbg</p>
</div>
<div style="m">
<p begin="02:05.611">Date: 25-11-2016</p>
</div>
<div style="m">
<p begin="02:08.511">Chúc các bạn nghe nhạc vui vẻ</p>
</div>
<div style="m">
<p begin="02:11.611"></p>
</div>
<div style="m">
<p begin="02:21.711">Đọc lại từng dòng ghi trong</p>
</div>
<div style="m">
<p begin="02:23.811">ngày tháng ngóng đợi,</p>
</div>
<div style="m">
<p begin="02:26.211">Từ lúc em đi rồi,</p>
</div>
<div style="m">
<p begin="02:29.111">cách chia mãi trong đời.</p>
</div>
<div style="m">
<p begin="02:31.511">Anh nhớ em rất nhiều,</p>
</div>
<div style="m">
<p begin="02:34.511">Cứ mãi trông mong tình yêu,</p>
</div>
<div style="m">
<p begin="02:37.411">chỉ thấy heo may</p>
</div>
<div style="m">
<p begin="02:38.911">về gieo xót xa....</p>
</div>
<div style="m">
<p begin="02:42.111"></p>
</div>
<div style="m">
<p begin="02:43.311">Yêu đến đau lòng,</p>
</div>
<div style="m">
<p begin="02:46.411">đau đến vô cùng.</p>
</div>
<div style="m">
<p begin="02:49.211">Mỗi khi đêm về giữa cô đơn</p>
</div>
<div style="m">
<p begin="02:51.911">trái tim anh khóc thầm,</p>
</div>
<div style="m">
<p begin="02:54.811">Nước mắt cay hơn rượu nồng,</p>
</div>
<div style="m">
<p begin="02:57.711">buốt giá hơn mưa mùa đông..</p>
</div>
<div style="m">
<p begin="03:00.611">Khi đã xa cách muôn trùng.</p>
</div>
<div style="m">
<p begin="03:03.811"></p>
</div>
<div style="m">
<p begin="03:06.611">Yêu đến đau lòng,</p>
</div>
<div style="m">
<p begin="03:09.611">đau đến vô cùng,</p>
</div>
<div style="m">
<p begin="03:12.511">Đến hôm nay chỉ muốn quên đi</p>
</div>
<div style="m">
<p begin="03:15.311">người yêu ơi biết không?</p>
</div>
<div style="m">
<p begin="03:18.211">Đốt đi tháng năm mơ mộng,</p>
</div>
<div style="m">
<p begin="03:21.111">đốt lưu bút ghi về em,</p>
</div>
<div style="m">
<p begin="03:24.011">Hãy như vẫn chưa từng</p>
</div>
<div style="m">
<p begin="03:25.611">yêu... mãi mãi...</p>
</div>
<div style="m">
<p begin="03:28.811"></p>
</div>
<div style="m">
<p begin="03:30.311">Ôi rất lâu rồi...</p>
</div>
<div style="m">
<p begin="03:33.211">em đã xa xôi...</p>
</div>
<div style="m">
<p begin="03:36.111">Những thương yêu ngày đó</p>
</div>
<div style="m">
<p begin="03:37.911">hôm nay còn theo anh mãi thôi,</p>
</div>
<div style="m">
<p begin="03:41.611">Cuốn lưu bút ghi một thời,</p>
</div>
<div style="m">
<p begin="03:44.411">có anh với em người hỡi...</p>
</div>
<div style="m">
<p begin="03:50.711">Nay quá xa vời...</p>
</div>
<div style="m">
<p begin="03:56.411" dur="4000"></p>
</div>
</body>
</tt>