﻿<data>
<param s="b">
<i va="00:01:85">Bài hát: Liên Khúc Tuấn Vũ 1</i>
</param>
<param s="b">
<i va="00:04:72">(Ai cho tôi tình yêu)</i>
</param>
<param s="b">
<i va="00:08:12">Trình bày: Tuấn Vũ</i>
</param>
<param s="b">
<i va="00:11:30">Lời bài hát: hopamviet</i>
</param>
<param s="b">
<i va="00:14:34">Hiệu chỉnh: Tuấn Nguyễn</i>
</param>
<param s="b">
<i va="00:17:95">Karaoke: tuannvbg@gmail.com</i>
</param>
<param s="b">
<i va="00:23:28">Chúc bạn nghe nhạc vui vẻ</i>
</param>
<param s="b">
<i va="00:33:96"></i>
</param>
<param s="b">
<i va="00:52:82">Ai cho tôi tình yêu</i>
</param>
<param s="b">
<i va="00:55:31">Để làm duyên nụ cười</i>
</param>
<param s="b">
<i va="00:57:79">Tôi xin dâng vòng tay mở rộng</i>
</param>
<param s="b">
<i va="01:02:02">Và đón người đi vào tim tôi</i>
</param>
<param s="b">
<i va="01:05:43">Bằng môi trên bờ môi</i>
</param>
<param s="b">
<i va="01:07:85"></i>
</param>
<param s="b">
<i va="01:09:28">Nhưng biết chỉ là mơ</i>
</param>
<param s="b">
<i va="01:12:07">Nhưng  lòng nức nở</i>
</param>
<param s="b">
<i va="01:14:56">Thương còn đi yêu thì chưa đến</i>
</param>
<param s="b">
<i va="01:18:60">Nên gọi tên tình chưa đỗ bến</i>
</param>
<param s="b">
<i va="01:22:32">Nẻo mô mà tìm</i>
</param>
<param s="b">
<i va="01:25:68"></i>
</param>
<param s="b">
<i va="01:26:29">Tám hướng bốn phương trời mây</i>
</param>
<param s="b">
<i va="01:30:29">Thôi nhé anh đi từ đây</i>
</param>
<param s="b">
<i va="01:34:31">Kỷ niệm nào không</i>
</param>
<param s="b">
<i va="01:35:80">Có vui hay buồn</i>
</param>
<param s="b">
<i va="01:36:91">Chiều không có hoàng hôn</i>
</param>
<param s="b">
<i va="01:39:03">Tình nào hơn nước non</i>
</param>
<param s="b">
<i va="01:41:57"></i>
</param>
<param s="b">
<i va="01:42:64">Rồi đây một mai lối xưa tôi về</i>
</param>
<param s="b">
<i va="01:46:80">Kể chuyện buồn vui</i>
</param>
<param s="b">
<i va="01:48:30">Hai đứa mình nghe</i>
</param>
<param s="b">
<i va="01:51:47">Một gian nhà tranh</i>
</param>
<param s="b">
<i va="01:52:30">Giấc mơ đềm êm</i>
</param>
<param s="b">
<i va="01:54:09">Lắng nghe tiếng nhịp con tim</i>
</param>
<param s="b">
<i va="01:56:08">Hai người gọi chung một tên</i>
</param>
<param s="b">
<i va="01:57:94"></i>
</param>
<param s="b">
<i va="02:01:54">Em có về về ngõ xưa</i>
</param>
<param s="b">
<i va="02:07:64">Em em có còn còn từng đêm</i>
</param>
<param s="b">
<i va="02:13:83">Em đếm sao cho tình mình</i>
</param>
<param s="b">
<i va="02:20:12">Thương mảnh trăng khuyết</i>
</param>
<param s="b">
<i va="02:21:73"></i>
</param>
<param s="b">
<i va="02:23:23">Che mây mờ.</i>
</param>
<param s="b">
<i va="02:25:08">Buồn nào hơn đêm nay</i>
</param>
<param s="b">
<i va="02:27:25">Buồn nào hơn đêm nay</i>
</param>
<param s="b">
<i va="02:29:37">Khi ngoài kia bão tố đầy trời</i>
</param>
<param s="b">
<i va="02:33:34">Từng cánh lá cuốn gió</i>
</param>
<param s="b">
<i va="02:35:45">Trôi vào lòng đêm thâu</i>
</param>
<param s="b">
<i va="02:37:63">Thương thầm mối tình ngâu</i>
</param>
<param s="b">
<i va="02:41:73">Ngày về ôi xa quá</i>
</param>
<param s="b">
<i va="02:43:83">Cánh nhạn còn miệt mài</i>
</param>
<param s="b">
<i va="02:45:95">Trong nắng hồng mê say</i>
</param>
<param s="b">
<i va="02:49:75">Lạc bầy chim chíu chít</i>
</param>
<param s="b">
<i va="02:52:53">Hai phương trời cách biệt</i>
</param>
<param s="b">
<i va="02:54:63">Đêm chờ và đêm mong.</i>
</param>
<param s="b">
<i va="02:56:81"></i>
</param>
<param s="b">
<i va="02:58:80">Người đi đi ngoài phố</i>
</param>
<param s="b">
<i va="03:00:85">Chiều nắng tắt bên sông</i>
</param>
<param s="b">
<i va="03:02:95">Người đi đi ngoài phố</i>
</param>
<param s="b">
<i va="03:04:76">Nhớ dáng xưa mịt mù</i>
</param>
<param s="b">
<i va="03:06:99">Thành ghế đá chiều công viên</i>
</param>
<param s="b">
<i va="03:09:11">Ngày xưa ngày xưa</i>
</param>
<param s="b">
<i va="03:11:21">Ngày xưa đã hết rồi</i>
</param>
<param s="b">
<i va="03:13:45"></i>
</param>
<param s="b">
<i va="03:15:44">Người đi đi ngoài phố</i>
</param>
<param s="b">
<i va="03:17:49">Chiều bỡ ngỡ bơ vơ</i>
</param>
<param s="b">
<i va="03:19:53">Người đi đi ngoài phố</i>
</param>
<param s="b">
<i va="03:21:52">Mấy dấu chân lạc loài</i>
</param>
<param s="b">
<i va="03:23:64">Hình bóng cũ người yêu ơi</i>
</param>
<param s="b">
<i va="03:25:75">Còn đâu còn đâu</i>
</param>
<param s="b">
<i va="03:27:85">Tình yêu đã lỡ rồi</i>
</param>
<param s="b">
<i va="03:30:68"></i>
</param>
<param s="b">
<i va="04:14:86">Sao mùa xuân không đến</i>
</param>
<param s="b">
<i va="04:16:60">Khi đông tàn</i>
</param>
<param s="b">
<i va="04:19:02">Sao hồn ta như</i>
</param>
<param s="b">
<i va="04:20:21">Chiếc lá thu vàng</i>
</param>
<param s="b">
<i va="04:23:24">Kiếp cô đơn chập chờn buông</i>
</param>
<param s="b">
<i va="04:27:40">Trong bóng đêm dài</i>
</param>
<param s="b">
<i va="04:28:95">Chỉ một mình ta với ta.</i>
</param>
<param s="b">
<i va="04:31:37"></i>
</param>
<param s="b">
<i va="04:31:62">Ôi còn đâu giây</i>
</param>
<param s="b">
<i va="04:32:56">Phút yêu ban đầu</i>
</param>
<param s="b">
<i va="04:35:72">Cung đàn xưa vương vấn</i>
</param>
<param s="b">
<i va="04:37:41">Mối tơ sầu</i>
</param>
<param s="b">
<i va="04:40:15">Nhớ chăng em lời thề xưa</i>
</param>
<param s="b">
<i va="04:44:43">Ai nỡ vô tình</i>
</param>
<param s="b">
<i va="04:45:86">Đành lìa xa bến mơ.</i>
</param>
<param s="b">
<i va="04:47:66"></i>
</param>
<param s="b">
<i va="04:50:07">Nửa đêm nói chuyện</i>
</param>
<param s="b">
<i va="04:53:73">Chúng mình yêu nhau</i>
</param>
<param s="b">
<i va="04:58:51">Một vầng trăng khuyết</i>
</param>
<param s="b">
<i va="05:02:00">Lạc trên tuyến đầu</i>
</param>
<param s="b">
<i va="05:05:85">Em hỡi sau này</i>
</param>
<param s="b">
<i va="05:08:09">Chúng mình thành đôi</i>
</param>
<param s="b">
<i va="05:10:44">Như lúc trăng vơi</i>
</param>
<param s="b">
<i va="05:12:33">Nhưng rồi lại đầy</i>
</param>
<param s="b">
<i va="05:14:61">Thì tương lai đó có anh và em</i>
</param>
<param s="b">
<i va="05:18:46">Ghép tên chung thiệp hồng</i>
</param>
<param s="b">
<i va="05:20:50"></i>
</param>
<param s="b">
<i va="05:22:36">Suốt đêm không ngủ</i>
</param>
<param s="b">
<i va="05:24:73">Bên tách cà phê đen</i>
</param>
<param s="b">
<i va="05:26:52">Chúng ta ôn chuyện đời</i>
</param>
<param s="b">
<i va="05:30:69">Ngày mình còn thơ</i>
</param>
<param s="b">
<i va="05:33:11">In như hình với bóng</i>
</param>
<param s="b">
<i va="05:35:22">Phút giây chưa hề rời</i>
</param>
<param s="b">
<i va="05:39:07">Xuân qua mấy lần</i>
</param>
<param s="b">
<i va="05:41:43">Chôn kín chuyện xa xưa</i>
</param>
<param s="b">
<i va="05:43:72">Tình cờ gặp nhau</i>
</param>
<param s="b">
<i va="05:45:58">Hai đứa cùng đơn vị</i>
</param>
<param s="b">
<i va="05:47:70">Không ngăn được nỗi mừng</i>
</param>
<param s="b">
<i va="05:49:99">Anh kể tôi nghe</i>
</param>
<param s="b">
<i va="05:51:26">Ngày anh mới ra trường.</i>
</param>
<param s="b">
<i va="05:55:04"></i>
</param>
<param s="b">
<i va="05:57:20">Rồi một hôm tôi gặp nàng</i>
</param>
<param s="b">
<i va="06:00:13">Đem tiếng hát cung đàn</i>
</param>
<param s="b">
<i va="06:02:23">Với niềm yêu lai láng.</i>
</param>
<param s="b">
<i va="06:05:53">Nhưng than ôi quá bẽ bàng</i>
</param>
<param s="b">
<i va="06:08:51">Bao tiếng hát cung đàn</i>
</param>
<param s="b">
<i va="06:10:49">Người chẳng màng còn chê chán</i>
</param>
<param s="b">
<i va="06:13:04"></i>
</param>
<param s="b">
<i va="06:13:85">Nhìn đời thấy lắm phũ phàng</i>
</param>
<param s="b">
<i va="06:16:77">Mượn tiếng hát cung đàn</i>
</param>
<param s="b">
<i va="06:18:95">Với niềm đau dĩ vãng</i>
</param>
<param s="b">
<i va="06:22:11">Nhưng bao giông tố lan tràn</i>
</param>
<param s="b">
<i va="06:25:15">Lên gác tía huy hoàng</i>
</param>
<param s="b">
<i va="06:27:14">Xiêu đổ theo nước mắt nàng</i>
</param>
<param s="b">
<i va="06:28:88"></i>
</param>
<param s="b">
<i va="06:30:18">Còn đâu đâu lá</i>
</param>
<param s="b">
<i va="06:31:75">Ngọc cành vàng</i>
</param>
<param s="b">
<i va="06:34:47">Còn đâu đâu quyền quý cao sang</i>
</param>
<param s="b">
<i va="06:38:75">Em chính em ngày xưa đó</i>
</param>
<param s="b">
<i va="06:42:30">Đến bây giờ phiêu bạt</i>
</param>
<param s="b">
<i va="06:44:30">Giữa trần gian</i>
</param>
<param s="b">
<i va="06:47:08">Ðời tôi vẫn tiếng nhạc cung đàn</i>
</param>
<param s="b">
<i va="06:51:12">Đời tôi vẫn nghệ sĩ lang thang</i>
</param>
<param s="b">
<i va="06:55:34">Em em nhớ xưa rồi em khóc</i>
</param>
<param s="b">
<i va="06:58:94">Tôi thoáng buồn thương</i>
</param>
<param s="b">
<i va="07:01:04">Dòng lệ đài trang.</i>
</param>
<param s="b">
<i va="07:02:54"></i>
</param>
<param s="b">
<i va="07:04:22">Từ khi hoa lá tô thắm cuộc đời</i>
</param>
<param s="b">
<i va="07:08:20">Từ khi manh áo</i>
</param>
<param s="b">
<i va="07:09:66">Sưởi ấm lòng người</i>
</param>
<param s="b">
<i va="07:12:23">Tìm trong hơi gió</i>
</param>
<param s="b">
<i va="07:13:94">Và trong tiếng tiêu</i>
</param>
<param s="b">
<i va="07:15:03">Tôi viết lên khúc nhạc chiều</i>
</param>
<param s="b">
<i va="07:17:08">Để ca ngợi tình yêu.</i>
</param>
<param s="b">
<i va="07:18:63"></i>
</param>
<param s="b">
<i va="07:20:62">Một yêu non nước</i>
</param>
<param s="b">
<i va="07:22:17">Như mối tình đầu</i>
</param>
<param s="b">
<i va="07:24:90">Là yêu quê hương</i>
</param>
<param s="b">
<i va="07:26:62">Mảnh đất đẹp màu</i>
</param>
<param s="b">
<i va="07:29:66">Và tha thiết nữa</i>
</param>
<param s="b">
<i va="07:30:66">Là em với tôi</i>
</param>
<param s="b">
<i va="07:32:32">Khi đã cho nhau cuộc đời</i>
</param>
<param s="b">
<i va="07:34:38">Mặn nồng đôi có đôi.</i>
</param>
<param s="b">
<i va="07:36:30"></i>
</param>
<param s="b">
<i va="07:54:89">Hôm nay tôi trở</i>
</param>
<param s="b">
<i va="07:55:89">Về thăm trường cũ</i>
</param>
<param s="b">
<i va="07:58:86">Nhiều nét đổi thay</i>
</param>
<param s="b">
<i va="07:59:87">Tường mái rêu mờ</i>
</param>
<param s="b">
<i va="08:03:02">Bên hiên hằng giờ</i>
</param>
<param s="b">
<i va="08:04:08">Tìm những bạn xưa</i>
</param>
<param s="b">
<i va="08:05:70">May ra có còn đôi đứa</i>
</param>
<param s="b">
<i va="08:07:30">Vẫn yên vui sống đời học trò</i>
</param>
<param s="b">
<i va="08:10:53"></i>
</param>
<param s="b">
<i va="08:11:41">Bâng khuâng đợi chờ</i>
</param>
<param s="b">
<i va="08:12:34">Người sao chẳng đến</i>
</param>
<param s="b">
<i va="08:15:51">Hỏi lá hỏi hoa</i>
</param>
<param s="b">
<i va="08:16:51">Chỉ thấy im lìm</i>
</param>
<param s="b">
<i va="08:19:67">Cây dương đầu trường</i>
</param>
<param s="b">
<i va="08:20:66">Còn khắc hàng tên</i>
</param>
<param s="b">
<i va="08:22:28">Hoa leo phũ phàng giăng kín</i>
</param>
<param s="b">
<i va="08:23:95">Tiếng ve ru nghe gợi buồn thêm</i>
</param>
<param s="b">
<i va="08:27:18"></i>
</param>
<param s="b">
<i va="08:29:12">Cuộc tình đó</i>
</param>
<param s="b">
<i va="08:30:68">Đã khuất xa tầm tay</i>
</param>
<param s="b">
<i va="08:32:77">Tiếng hát em còn đây</i>
</param>
<param s="b">
<i va="08:34:83">Tơ vương lệ thấm đầy</i>
</param>
<param s="b">
<i va="08:37:44">Hồn còn say</i>
</param>
<param s="b">
<i va="08:39:00">Men ái ân chiều ấy</i>
</param>
<param s="b">
<i va="08:41:09">Bóng dáng em từ nay</i>
</param>
<param s="b">
<i va="08:43:21">đã khuất vào trời mây</i>
</param>
<param s="b">
<i va="08:44:45"></i>
</param>
<param s="b">
<i va="08:45:82">Em đi rồi thành phố hôm nay</i>
</param>
<param s="b">
<i va="08:49:97">Mưa giăng đầy</i>
</param>
<param s="b">
<i va="08:51:66">Lạnh buốt đêm ngày</i>
</param>
<param s="b">
<i va="08:54:14">Em đi rồi</i>
</param>
<param s="b">
<i va="08:55:33">Kỷ niệm yêu còn đấy</i>
</param>
<param s="b">
<i va="08:58:12">Em đi mất rồi</i>
</param>
<param s="b">
<i va="08:59:61">Còn nhớ chăng tình này.</i>
</param>
<param s="b">
<i va="09:01:73"></i>
</param>
<param s="b">
<i va="09:03:27">Người về</i>
</param>
<param s="b">
<i va="09:05:63">Một mùa thu gió heo may</i>
</param>
<param s="b">
<i va="09:11:48">Về đâu có nhớ chăng</i>
</param>
<param s="b">
<i va="09:15:38">Những vì sao long lanh</i>
</param>
<param s="b">
<i va="09:18:43">Đưa tiễn người</i>
</param>
<param s="b">
<i va="09:19:55">Một đêm không trăng</i>
</param>
<param s="b">
<i va="09:23:15">Nói sao nên lời</i>
</param>
<param s="b">
<i va="09:25:07">Lòng buồn như ngừng rơi</i>
</param>
<param s="b">
<i va="09:27:44">Như trong đêm khuya</i>
</param>
<param s="b">
<i va="09:28:98">Những buớc chân qua thềm</i>
</param>
<param s="b">
<i va="09:30:97">Gợi niềm thương nhớ vô vàn.</i>
</param>
<param s="b">
<i va="09:33:02"></i>
</param>
<param s="b">
<i va="09:36:59">Người về</i>
</param>
<param s="b">
<i va="09:38:87">Đường về kết gió trăng sao</i>
</param>
<param s="b">
<i va="09:44:91">Người đi có biết chăng</i>
</param>
<param s="b">
<i va="09:48:58">Trong chiều nay bơ vơ</i>
</param>
<param s="b">
<i va="09:51:68">Nghe lá thu vàng</i>
</param>
<param s="b">
<i va="09:53:60">Rơi bâng khuâng</i>
</param>
<param s="b">
<i va="09:56:52">Bước chân âm thầm</i>
</param>
<param s="b">
<i va="09:58:35">Từng thời gian ngừng trôi</i>
</param>
<param s="b">
<i va="10:00:77">Như quên đêm khuya</i>
</param>
<param s="b">
<i va="10:02:52">Để gió xuôi theo mùa</i>
</param>
<param s="b">
<i va="10:04:38">Thầm làm ướt áo vai gầy.</i>
</param>
<param s="b">
<i va="10:06:61"></i>
</param>
<param s="b">
<i va="10:08:91">Từ ngày có em về</i>
</param>
<param s="b">
<i va="10:12:57">Nhà mình toàn ánh trăng thề.</i>
</param>
<param s="b">
<i va="10:16:79">Dòng nhạc tình đang tắt lâu</i>
</param>
<param s="b">
<i va="10:19:84">Tuôn trào ngọt ngào</i>
</param>
<param s="b">
<i va="10:21:79">Như dòng suối</i>
</param>
<param s="b">
<i va="10:24:99">Anh yêu phút ban đầu</i>
</param>
<param s="b">
<i va="10:29:22">Đẹp nghiêng nghiêng</i>
</param>
<param s="b">
<i va="10:30:11">Dáng em sầu.</i>
</param>
<param s="b">
<i va="10:33:43">Trong mắt em buồn về mau</i>
</param>
<param s="b">
<i va="10:35:86">Em ơi có khi nào</i>
</param>
<param s="b">
<i va="10:37:54">Lần gặp đây cho mai sau.</i>
</param>
<param s="b">
<i va="10:41:08"></i>
</param>
<param s="b">
<i va="10:43:56">Ngày anh gặp đôi mắt long lanh</i>
</param>
<param s="b">
<i va="10:47:53">Lần đầu anh lạc trong hố mê say</i>
</param>
<param s="b">
<i va="10:51:63">Dường như ta</i>
</param>
<param s="b">
<i va="10:52:39">Quen nhau từ muôn kiếp</i>
</param>
<param s="b">
<i va="10:55:43">Vừa gặp lại ta</i>
</param>
<param s="b">
<i va="10:56:74">Đã sợ tình cao bay</i>
</param>
<param s="b">
<i va="10:59:85"></i>
</param>
<param s="b">
<i va="11:00:23">Từ khi anh yêu em</i>
</param>
<param s="b">
<i va="11:01:78">Là anh biết đợi chờ</i>
</param>
<param s="b">
<i va="11:04:26">Chờ cho mau qua đêm dài tăm tối</i>
</param>
<param s="b">
<i va="11:08:35">Mình yêu nhau đi thôi</i>
</param>
<param s="b">
<i va="11:09:97">Đừng lo phút chia tay</i>
</param>
<param s="b">
<i va="11:12:46">Chỉ có em lòng vui như hôm nay</i>
</param>
<param s="b">
<i va="11:15:07"></i>
</param>
<param s="b">
<i va="11:15:86">Buổi chiều sông Seine</i>
</param>
<param s="b">
<i va="11:18:73">Có gió lạnh về lập đông</i>
</param>
<param s="b">
<i va="11:24:14">Buổi chiều Cali</i>
</param>
<param s="b">
<i va="11:27:05">Cô đơn từng cơn rã rời</i>
</param>
<param s="b">
<i va="11:32:46">Từ ngày xa em</i>
</param>
<param s="b">
<i va="11:35:19">Thao thức trằn trọc từng đêm</i>
</param>
<param s="b">
<i va="11:40:78">Ngày rời Paris</i>
</param>
<param s="b">
<i va="11:43:63">Anh đã để quên con tim.</i>
</param>
<param s="b">
<i va="11:48:92"></i>
</param>
<param s="b">
<i va="12:23:82">Buồn ơi sao còn đến</i>
</param>
<param s="b">
<i va="12:28:05">Lòng đã quá sầu đau</i>
</param>
<param s="b">
<i va="12:32:09">Ai đã đem chuyện xưa</i>
</param>
<param s="b">
<i va="12:35:26">Lời hứa ban đầu</i>
</param>
<param s="b">
<i va="12:37:38">Chôn kín vào tim</i>
</param>
<param s="b">
<i va="12:40:48">Ngày xưa nay còn đâu</i>
</param>
<param s="b">
<i va="12:44:57">Tình xưa biết tìm đâu</i>
</param>
<param s="b">
<i va="12:48:74">Thôi đón đưa mà chi</i>
</param>
<param s="b">
<i va="12:51:91">Tình đã không thành</i>
</param>
<param s="b">
<i va="12:54:16">Còn ước mơ gì.</i>
</param>
<param s="b">
<i va="12:55:88"></i>
</param>
<param s="b">
<i va="12:57:07">Nhưng cớ sao em buồn</i>
</param>
<param s="b">
<i va="13:01:03">Tình ta ước hẹn nhiều rồi</i>
</param>
<param s="b">
<i va="13:05:19">Ngày mai ấm lại cuộc đời</i>
</param>
<param s="b">
<i va="13:08:55">Kể chuyện xa vắng</i>
</param>
<param s="b">
<i va="13:10:09">Thấy thương nhau nhiều hơn.</i>
</param>
<param s="b">
<i va="13:13:77">Khi núi sông mịt mờ</i>
</param>
<param s="b">
<i va="13:17:56">Người trai nhuốm nhiều tuổi đời</i>
</param>
<param s="b">
<i va="13:21:71">Chuyện xưa khép chặt vào lòng</i>
</param>
<param s="b">
<i va="13:25:13">Dù đi chinh chiến</i>
</param>
<param s="b">
<i va="13:26:62">Vẫn nhớ người tôi mến thương.</i>
</param>
<param s="b">
<i va="13:29:22"></i>
</param>
<param s="b">
<i va="13:29:91">Tình yêu theo tháng năm</i>
</param>
<param s="b">
<i va="13:32:90">Xóa mờ trong mắt buồn</i>
</param>
<param s="b">
<i va="13:37:12">Nếu ta còn nhớ</i>
</param>
<param s="b">
<i va="13:39:04">Đến đêm thoáng trong mơ</i>
</param>
<param s="b">
<i va="13:41:77">Ðời anh là mây</i>
</param>
<param s="b">
<i va="13:43:27">Bốn phương trời còn miệt mài</i>
</param>
<param s="b">
<i va="13:46:87">Người đi xây tương lai</i>
</param>
<param s="b">
<i va="13:48:92">Dấu tâm tư thương ai</i>
</param>
<param s="b">
<i va="13:50:93">Như gió đưa mây</i>
</param>
<param s="b">
<i va="13:52:17">Che trăng khuất đêm dài</i>
</param>
<param s="b">
<i va="13:54:59">Tim ta đơn côi</i>
</param>
<param s="b">
<i va="13:56:64">Biết nhau một lần</i>
</param>
<param s="b">
<i va="13:58:67">Rồi nhớ trọn đời.</i>
</param>
<param s="b">
<i va="14:01:05"></i>
</param>
<param s="b">
<i va="14:02:05">Tôi muốn gửi những</i>
</param>
<param s="b">
<i va="14:03:91">Hình ảnh đời tôi và bọn tôi</i>
</param>
<param s="b">
<i va="14:07:02">Những người trẻ hôm nay</i>
</param>
<param s="b">
<i va="14:08:63">Đến những thương</i>
</param>
<param s="b">
<i va="14:09:59">Yêu hậu phương</i>
</param>
<param s="b">
<i va="14:11:36">Xin nhớ nhau như tình nhân</i>
</param>
<param s="b">
<i va="14:13:85">Tình nhân nhớ</i>
</param>
<param s="b">
<i va="14:15:37">Lúc người xa chưa về</i>
</param>
<param s="b">
<i va="14:17:57"></i>
</param>
<param s="b">
<i va="14:19:72">Tôi xin đa tạ</i>
</param>
<param s="b">
<i va="14:21:59">Những người tình hôm nay</i>
</param>
<param s="b">
<i va="14:24:31">Đã biết thương anh lính trẻ</i>
</param>
<param s="b">
<i va="14:26:92">Đường dài</i>
</param>
<param s="b">
<i va="14:28:48">Xin đa tạ cuộc đời</i>
</param>
<param s="b">
<i va="14:31:14">Đã cho tôi thấy mặt bạn bè</i>
</param>
<param s="b">
<i va="14:34:20">Những người còn quanh tôi.</i>
</param>
<param s="b">
<i va="14:36:56"></i>
</param>
<param s="b">
<i va="14:38:55">Mai đây không còn</i>
</param>
<param s="b">
<i va="14:40:71">Đạn nổ trên cao</i>
</param>
<param s="b">
<i va="14:42:08">Xác ngục trong chiến hào</i>
</param>
<param s="b">
<i va="14:45:17">Tôi ra đi đi từ nam về bắc</i>
</param>
<param s="b">
<i va="14:49:02">Ghé lại sông Hương</i>
</param>
<param s="b">
<i va="14:50:46">Thăm người thương</i>
</param>
<param s="b">
<i va="14:51:26">Thăm phố phường</i>
</param>
<param s="b">
<i va="14:53:00">Thăm Huế buồn</i>
</param>
<param s="b">
<i va="14:53:35">Và nghe tiếng hò.</i>
</param>
<param s="b">
<i va="14:54:86"></i>
</param>
<param s="b">
<i va="14:55:67">Ai cho tôi</i>
</param>
<param s="b">
<i va="14:57:65">Ai cho tôi</i>
</param>
<param s="b">
<i va="14:59:76">Ai cho tôi</i>
</param>
<param s="b">
<i va="15:01:45">Tình yêu!</i>
</param>
<param s="b">
<i va="15:06:54"></i>
</param>
</data>

