﻿<data>
<param s="b">
<i va="00:01:10">Bài hát: Liên Khúc Tuấn Vũ 2 Phần 1</i>
</param>
<param s="b">
<i va="00:02:64">Ngày Xưa Anh Nói</i>
</param>
<param s="b">
<i va="00:04:07">Ca Sĩ: Tuấn Vũ</i>
</param>
<param s="m">
<i va="00:05:50">Liên khúc gồm: 20 bài hát</i>
</param>
<param s="m">
<i va="00:06:94">Bài 01: Ngày Xưa Anh Nói</i>
</param>
<param s="m">
<i va="00:08:54">Bài 02: Người Tình Và Quê Hương</i>
</param>
<param s="m">
<i va="00:10:34">Bài 03: Con Đường Xưa Em Đi</i>
</param>
<param s="m">
<i va="00:11:96">Bài 04: Sao Chưa Thấy Hồi Âm</i>
</param>
<param s="m">
<i va="00:13:64">Bài 05: Nửa Đêm Nguyện Cầu</i>
</param>
<param s="m">
<i va="00:15:26">Bài 06: Những Đồi Hoa Sim</i>
</param>
<param s="m">
<i va="00:16:92">Bài 07: Định Mệnh</i>
</param>
<param s="m">
<i va="00:18:05">Bài 08: Một Lần Dang Dở</i>
</param>
<param s="m">
<i va="00:19:53">Bài 09: Tình Cờ</i>
</param>
<param s="m">
<i va="00:21:03">Bài 10: Biển Mặn</i>
</param>
<param s="m">
<i va="00:22:52">Bài 11: Nếu Chúng Mình Cách Trở</i>
</param>
<param s="m">
<i va="00:24:44">Bài 12: Tình Yêu Trả Lại Trăng Sao</i>
</param>
<param s="m">
<i va="00:26:31">Bài 13: Lần Đầu Cũng Là Lần Cuối</i>
</param>
<param s="m">
<i va="00:27:86">Bài 14: Đôi Ngả Chia Ly</i>
</param>
<param s="m">
<i va="00:29:29">Bài 15: 24 Giờ Phép</i>
</param>
<param s="m">
<i va="00:30:97">Bài 16: Thói Đời</i>
</param>
<param s="m">
<i va="00:32:34">Bài 17: Người Yêu Cô Đơn</i>
</param>
<param s="m">
<i va="00:33:82">Bài 18: Duyên Kiếp</i>
</param>
<param s="m">
<i va="00:35:01">Bài 19: Tình Bơ Vơ</i>
</param>
<param s="m">
<i va="00:36:19">Bài 20: Đường Về Khuya</i>
</param>
<param s="m">
<i va="00:37:43"></i>
</param>
<param s="m">
<i va="00:40:05">Ngày xưa Em nói</i>
</param>
<param s="m">
<i va="00:42:49">Em chỉ có Anh thôi</i>
</param>
<param s="m">
<i va="00:44:35">không ai ngoài Anh nữa</i>
</param>
<param s="m">
<i va="00:48:32">Ngày xưa Em nói,</i>
</param>
<param s="m">
<i va="00:50:62">Anh như áng mây trôi</i>
</param>
<param s="m">
<i va="00:52:86">theo Anh về cuối trời</i>
</param>
<param s="m">
<i va="00:56:69">Muôn kiếp xây đời,</i>
</param>
<param s="m">
<i va="00:59:01">dựng lều hoa bên suối</i>
</param>
<param s="m">
<i va="01:01:31">sống cho nhau mà thôi.</i>
</param>
<param s="m">
<i va="01:03:23">Những lúc sương chiều rơi</i>
</param>
<param s="m">
<i va="01:05:27">Và khi gió lơi</i>
</param>
<param s="m">
<i va="01:06:89">rồi mùa đông băng giá</i>
</param>
<param s="m">
<i va="01:09:12">Em không ngại sầu tới.</i>
</param>
<param s="m">
<i va="01:12:35"></i>
</param>
<param s="m">
<i va="01:12:97">Ngày xưa Em nói</i>
</param>
<param s="m">
<i va="01:15:33">Không mơ ước cao sang</i>
</param>
<param s="m">
<i va="01:17:44">hay cung vàng gác tía</i>
</param>
<param s="m">
<i va="01:21:23">Ngày xưa em nói,</i>
</param>
<param s="m">
<i va="01:23:65">Anh mơ ước Em thôi</i>
</param>
<param s="m">
<i va="01:25:70">Cho tim hoà tiếng đời.</i>
</param>
<param s="m">
<i va="01:29:49">Đôi bóng chim trời</i>
</param>
<param s="m">
<i va="01:31:79">quyện vào nhau bay mãi</i>
</param>
<param s="m">
<i va="01:34:02">Tới phương xa nào đây</i>
</param>
<param s="m">
<i va="01:35:95">đón ánh sao tình yêu</i>
</param>
<param s="m">
<i va="01:38:24">buồn vui có nhau</i>
</param>
<param s="m">
<i va="01:40:17">để ngàn câu thương nhớ</i>
</param>
<param s="m">
<i va="01:42:21">xanh thắm màu nhớ thương.</i>
</param>
<param s="m">
<i va="01:44:95"></i>
</param>
<param s="m">
<i va="01:46:50">Anh đâu hay rằng</i>
</param>
<param s="m">
<i va="01:48:61">mẹ quê hôm sớm</i>
</param>
<param s="m">
<i va="01:49:98">còn hắt hiu</i>
</param>
<param s="m">
<i va="01:51:40">cùng nương sắn khoai</i>
</param>
<param s="m">
<i va="01:55:15">Anh đâu hay rằng</i>
</param>
<param s="m">
<i va="01:57:24">đàn trẻ thơ vắng cha</i>
</param>
<param s="m">
<i va="01:59:10">cày bừa thay cho người đi.</i>
</param>
<param s="m">
<i va="02:03:40">Đành lòng sao em</i>
</param>
<param s="m">
<i va="02:05:31">nỡ nào nhìn bạn bè.</i>
</param>
<param s="m">
<i va="02:07:86">Nhọc nhằn gian lao</i>
</param>
<param s="m">
<i va="02:09:46">mắt quay đi cho đành.</i>
</param>
<param s="m">
<i va="02:11:68">Đành lòng sao em,</i>
</param>
<param s="m">
<i va="02:13:50">em đành lòng sau em</i>
</param>
<param s="m">
<i va="02:15:19">ấm êm gì chỉ mình ta.</i>
</param>
<param s="m">
<i va="02:17:80"></i>
</param>
<param s="m">
<i va="02:19:32">Xin hiểu tình yêu</i>
</param>
<param s="m">
<i va="02:21:76">trong thời chiến chinh này</i>
</param>
<param s="m">
<i va="02:23:45">mấy người mơ ước cho tròn.</i>
</param>
<param s="m">
<i va="02:27:58">Càng khổ càng đau,</i>
</param>
<param s="m">
<i va="02:30:04">thì tình yêu càng sâu</i>
</param>
<param s="m">
<i va="02:31:77">đưa dắt nhau đi về bến</i>
</param>
<param s="m">
<i va="02:35:82">Ngăn cách bây giờ,</i>
</param>
<param s="m">
<i va="02:38:30">cho mai mốt sum vầy</i>
</param>
<param s="m">
<i va="02:39:84">không thấy thẹn cùng sông núi.</i>
</param>
<param s="m">
<i va="02:42:48">Mình sẽ dìu nhau</i>
</param>
<param s="m">
<i va="02:44:07">đi khắp vùng trời quê hương</i>
</param>
<param s="m">
<i va="02:46:65">Con bướm đa tình kia</i>
</param>
<param s="m">
<i va="02:48:54">sẽ dừng lại ở đây.</i>
</param>
<param s="m">
<i va="02:51:51"></i>
</param>
<param s="m">
<i va="02:52:58">Con đường xưa em đi</i>
</param>
<param s="m">
<i va="02:54:65">vàng lên mái tóc thề</i>
</param>
<param s="m">
<i va="02:56:68">ngõ hồn dâng tái tê.</i>
</param>
<param s="m">
<i va="03:00:74">Anh làm thơ vu quy</i>
</param>
<param s="m">
<i va="03:02:94">khách qua đường lắng nghe</i>
</param>
<param s="m">
<i va="03:05:06">chuyện tình ta đã ghi.</i>
</param>
<param s="m">
<i va="03:08:75">Mấy mùa trăng vu quy</i>
</param>
<param s="m">
<i va="03:11:26">vì mưa gió không về</i>
</param>
<param s="m">
<i va="03:13:25">chiến trường Anh bước đi.</i>
</param>
<param s="m">
<i va="03:17:00">Có nàng hoen đôi mi</i>
</param>
<param s="m">
<i va="03:19:40">ngóng theo đường vắng hoe</i>
</param>
<param s="m">
<i va="03:21:45">hỏi còn ai cố tri.</i>
</param>
<param s="m">
<i va="03:24:62"></i>
</param>
<param s="m">
<i va="03:25:00"></i>
</param>
<param s="m">
<i va="03:25:33">Theo năm tháng hoài mong</i>
</param>
<param s="m">
<i va="03:27:60">thư gởi đi mấy lần</i>
</param>
<param s="m">
<i va="03:29:66">đợi hồi âm chưa thấy</i>
</param>
<param s="m">
<i va="03:33:54">Em ơi nhớ rằng đây</i>
</param>
<param s="m">
<i va="03:35:99">còn có anh đêm ngày</i>
</param>
<param s="m">
<i va="03:37:92">hằng thương nhớ vơi đầy.</i>
</param>
<param s="m">
<i va="03:41:80">Ngày đi người đã hứa</i>
</param>
<param s="m">
<i va="03:44:19">toàn những lời chan chứa</i>
</param>
<param s="m">
<i va="03:46:24">còn hơn gió hơn mưa.</i>
</param>
<param s="m">
<i va="03:50:02">Mỗi tuần một lần thư</i>
</param>
<param s="m">
<i va="03:52:45">kể nghe chuyện sương gió</i>
</param>
<param s="m">
<i va="03:55:21">kể nghe chuyện ước mơ.</i>
</param>
<param s="m">
<i va="03:57:95"></i>
</param>
<param s="m">
<i va="03:58:89">Nhưng em vắng hồi thư</i>
</param>
<param s="m">
<i va="04:01:31">hay là em hững hờ</i>
</param>
<param s="m">
<i va="04:03:30">hoặc là em không nhớ.</i>
</param>
<param s="m">
<i va="04:07:15">Anh đâu khác người xưa</i>
</param>
<param s="m">
<i va="04:09:57">ngày lẫn đêm mong chờ</i>
</param>
<param s="m">
<i va="04:11:50">tình yêu nói cho vừa.</i>
</param>
<param s="m">
<i va="04:15:36">Từ lâu đành xa vắng</i>
</param>
<param s="m">
<i va="04:17:72">đời trăm ngàn cay đắng</i>
</param>
<param s="m">
<i va="04:19:82">hỏi em biết hay chăng?</i>
</param>
<param s="m">
<i va="04:23:68">Chỉ cần một hồi âm</i>
</param>
<param s="m">
<i va="04:25:99">là em mừng vui lắm</i>
</param>
<param s="m">
<i va="04:28:03">cớ sao em phụ lòng?</i>
</param>
<param s="m">
<i va="04:31:42"></i>
</param>
<param s="m">
<i va="04:33:05">Nửa đêm giáo đường</i>
</param>
<param s="m">
<i va="04:34:86">vang vọng xa xôi</i>
</param>
<param s="m">
<i va="04:36:56">Phố vui như thuở ban đầu</i>
</param>
<param s="m">
<i va="04:38:54">gặp nhau giữa đêm kinh cầu</i>
</param>
<param s="m">
<i va="04:41:41">Cầu xin suốt đời</i>
</param>
<param s="m">
<i va="04:43:02">mình mãi yêu nhau</i>
</param>
<param s="m">
<i va="04:44:82">Cho tình đó không phai màu</i>
</param>
<param s="m">
<i va="04:46:63">áo cưới về</i>
</param>
<param s="m">
<i va="04:47:37">đẹp lòng cô dâu.</i>
</param>
<param s="m">
<i va="04:49:60"></i>
</param>
<param s="m">
<i va="04:50:42">Giờ anh non cao</i>
</param>
<param s="m">
<i va="04:51:46">áo trận bạc màu</i>
</param>
<param s="m">
<i va="04:54:45">Mong anh tròn lính</i>
</param>
<param s="m">
<i va="04:55:56">chúng ta tròn đôi.</i>
</param>
<param s="m">
<i va="04:59:27">Bây giờ mình mãi xa nhau</i>
</param>
<param s="m">
<i va="05:01:28">Mai sau có anh trong đời</i>
</param>
<param s="m">
<i va="05:02:97">Đêm đông về</i>
</param>
<param s="m">
<i va="05:03:88">cũng không lạnh lùng.</i>
</param>
<param s="m">
<i va="05:06:27"></i>
</param>
<param s="m">
<i va="05:07:20">Những đồi hoa sim</i>
</param>
<param s="m">
<i va="05:09:12">ôi những đồi hoa sim</i>
</param>
<param s="m">
<i va="05:11:11">tím chiều hoang biền biệt.</i>
</param>
<param s="m">
<i va="05:15:39">Vào chuyện ngày xưa</i>
</param>
<param s="m">
<i va="05:17:82">nàng yêu hoa sim tím</i>
</param>
<param s="m">
<i va="05:19:93">khi còn tóc búi vai.</i>
</param>
<param s="m">
<i va="05:24:71">Mấy lúc xông pha</i>
</param>
<param s="m">
<i va="05:26:64">ngoài trận tuyến</i>
</param>
<param s="m">
<i va="05:28:13">ai hẹn được ngày về.</i>
</param>
<param s="m">
<i va="05:30:17">Rồi một chiều mây bay</i>
</param>
<param s="m">
<i va="05:32:92">từ nơi chiến trường</i>
</param>
<param s="m">
<i va="05:34:71">Đông Bắc đó</i>
</param>
<param s="m">
<i va="05:36:33">Lần ghé về thăm xóm</i>
</param>
<param s="m">
<i va="05:38:32">hoàng hôn khuất sau đồi.</i>
</param>
<param s="m">
<i va="05:41:97"></i>
</param>
<param s="m">
<i va="05:42:28">Những chiều hành quân</i>
</param>
<param s="m">
<i va="05:44:20">ôi những chiều hành quân</i>
</param>
<param s="m">
<i va="05:46:33">tím chiều hoang biền biệt.</i>
</param>
<param s="m">
<i va="05:50:54">Một chiều hành quân</i>
</param>
<param s="m">
<i va="05:52:84">được tin em gái mất</i>
</param>
<param s="m">
<i va="05:55:01">chiếc thuyền như vỡ đôi.</i>
</param>
<param s="m">
<i va="05:59:80">Mấy phút</i>
</param>
<param s="m">
<i va="06:01:17">không nghe được em nói</i>
</param>
<param s="m">
<i va="06:03:21">không nhìn được một lần.</i>
</param>
<param s="m">
<i va="06:05:38">Dù một lần đơn sơ</i>
</param>
<param s="m">
<i va="06:08:33">để không chết người</i>
</param>
<param s="m">
<i va="06:10:00">trai khói lửa</i>
</param>
<param s="m">
<i va="06:11:72">Mà chết người em nhỏ</i>
</param>
<param s="m">
<i va="06:13:79">hậu phương tuổi xuân thì.</i>
</param>
<param s="m">
<i va="06:17:70"></i>
</param>
<param s="m">
<i va="06:20:50">Bài hát: Liên Khúc Ngày Xưa Anh Nói (21:28)</i>
</param>
<param s="m">
<i va="06:22:86">Ca Sĩ: Tuấn Vũ</i>
</param>
<param s="m">
<i va="06:25:29">Karaoke: tuannvbg@gmail.com</i>
</param>
<param s="m">
<i va="06:27:33">Date: 2016-10-26</i>
</param>
<param s="m">
<i va="06:29:44">Chúc bạn nghe nhạc vui vẻ</i>
</param>
<param s="m">
<i va="06:32:56"></i>
</param>
<param s="m">
<i va="06:58:62">Thôi nhé em</i>
</param>
<param s="m">
<i va="06:59:69">đừng nhiều hận sầu</i>
</param>
<param s="m">
<i va="07:02:86">Đừng thương tiếc</i>
</param>
<param s="m">
<i va="07:03:97">để rồi xa nhau</i>
</param>
<param s="m">
<i va="07:06:95">Đừng trách chi</i>
</param>
<param s="m">
<i va="07:07:82">đã lỡ duyên đời</i>
</param>
<param s="m">
<i va="07:09:49">Hai chúng ta đi hai đường</i>
</param>
<param s="m">
<i va="07:11:48">Chuyện thương yêu đâu còn nữa.</i>
</param>
<param s="m">
<i va="07:15:03"></i>
</param>
<param s="m">
<i va="07:15:50">Ôm ấp chi</i>
</param>
<param s="m">
<i va="07:16:46">một định mệnh buồn</i>
</param>
<param s="m">
<i va="07:19:58">Để chua xót</i>
</param>
<param s="m">
<i va="07:20:55">những gì cho nhau</i>
</param>
<param s="m">
<i va="07:23:70">Người bước đi</i>
</param>
<param s="m">
<i va="07:24:66">mà nát tan lòng</i>
</param>
<param s="m">
<i va="07:26:33">Ai đứng trông theo ngậm hờn</i>
</param>
<param s="m">
<i va="07:28:32">Tình yêu mất đi còn đâu.</i>
</param>
<param s="m">
<i va="07:31:36"></i>
</param>
<param s="m">
<i va="07:33:27">Tình ơi sao tình</i>
</param>
<param s="m">
<i va="07:36:43">mang nhiều trái ngang</i>
</param>
<param s="m">
<i va="07:38:67">cho người lắm ê chề</i>
</param>
<param s="m">
<i va="07:41:40">Tình ơi</i>
</param>
<param s="m">
<i va="07:42:83">cuộc đời có bao lâu,</i>
</param>
<param s="m">
<i va="07:44:75">vài lần đắng cay thôi</i>
</param>
<param s="m">
<i va="07:46:86">Coi như mình đã già.</i>
</param>
<param s="m">
<i va="07:48:13"></i>
</param>
<param s="m">
<i va="07:48:95">Thôi nhé em ơi</i>
</param>
<param s="m">
<i va="07:50:37">nay ta đã xa lạ rồi</i>
</param>
<param s="m">
<i va="07:53:23">Ta chẳng còn chi</i>
</param>
<param s="m">
<i va="07:54:78">để mà lưu luyến nhau</i>
</param>
<param s="m">
<i va="07:57:64">Bước chân đi</i>
</param>
<param s="m">
<i va="07:58:75">là dứt duyên nợ rồi</i>
</param>
<param s="m">
<i va="08:01:68">Nếu gặp giữa đường</i>
</param>
<param s="m">
<i va="08:02:98">thì cũng như chẳng quen.</i>
</param>
<param s="m">
<i va="08:05:21"></i>
</param>
<param s="m">
<i va="08:06:62">Tình cờ</i>
</param>
<param s="m">
<i va="08:09:13">mà ta quen biết nhau</i>
</param>
<param s="m">
<i va="08:10:51">thật không ngờ</i>
</param>
<param s="m">
<i va="08:14:85">Tình cờ</i>
</param>
<param s="m">
<i va="08:17:27">gặp nhau bên lối đi</i>
</param>
<param s="m">
<i va="08:18:77">đầy hoa</i>
</param>
<param s="m">
<i va="08:21:92">Với mái tóc thơm</i>
</param>
<param s="m">
<i va="08:22:98">màu đất mới</i>
</param>
<param s="m">
<i va="08:23:98">Với ánh mắt mây</i>
</param>
<param s="m">
<i va="08:25:09">ngàn gió núi</i>
</param>
<param s="m">
<i va="08:26:08">Với ý sống cho ngày mai</i>
</param>
<param s="m">
<i va="08:30:18">Với những cánh tay</i>
</param>
<param s="m">
<i va="08:31:11">tràn sức sống</i>
</param>
<param s="m">
<i va="08:32:58">Với tiếng nói êm</i>
</param>
<param s="m">
<i va="08:33:58">chiều nắng ấm</i>
</param>
<param s="m">
<i va="08:34:70">Tình cờ nên duyên.</i>
</param>
<param s="m">
<i va="08:36:74"></i>
</param>
<param s="m">
<i va="08:38:72">Mới biết núi sông</i>
</param>
<param s="m">
<i va="08:39:77">là lối dẫu xa vời</i>
</param>
<param s="m">
<i va="08:42:76">Vẫn dắt díu ta tìm lối</i>
</param>
<param s="m">
<i va="08:44:80">dưới chân đồi</i>
</param>
<param s="m">
<i va="08:46:85">Gió bên sông sườn núi</i>
</param>
<param s="m">
<i va="08:48:90">Đến với nhau thầm nói</i>
</param>
<param s="m">
<i va="08:50:96">đến với em và tôi</i>
</param>
<param s="m">
<i va="08:52:79"></i>
</param>
<param s="m">
<i va="08:54:88">Sống chung trên đời</i>
</param>
<param s="m">
<i va="08:59:34">Sẽ thấy gió khô</i>
</param>
<param s="m">
<i va="09:00:23">và nắng cháy</i>
</param>
<param s="m">
<i va="09:01:46">Có tiếng lá hoa</i>
</param>
<param s="m">
<i va="09:02:39">thầm khẽ nói</i>
</param>
<param s="m">
<i va="09:03:57">hãy đón lấy em và tôi</i>
</param>
<param s="m">
<i va="09:07:61">Nắng ấm với mưa</i>
</param>
<param s="m">
<i va="09:08:55">nguồn sớm tối</i>
</param>
<param s="m">
<i va="09:09:67">Đất nước đã không ngờ</i>
</param>
<param s="m">
<i va="09:10:71">chắp nối</i>
</param>
<param s="m">
<i va="09:11:84">đời em bên tôi.</i>
</param>
<param s="m">
<i va="09:14:37"></i>
</param>
<param s="m">
<i va="09:16:61">Người yêu tôi</i>
</param>
<param s="m">
<i va="09:17:92">tôi mới quen mà thôi</i>
</param>
<param s="m">
<i va="09:20:84">Lúc dừng chân</i>
</param>
<param s="m">
<i va="09:22:07">trên vùng vừa tiếp thu</i>
</param>
<param s="m">
<i va="09:25:23">Vùng hoang vu</i>
</param>
<param s="m">
<i va="09:26:14">bóng dừa bờ cát gầy</i>
</param>
<param s="m">
<i va="09:28:41">Gió lên từng chiều vàng</i>
</param>
<param s="m">
<i va="09:29:96">nàng xõa tóc trên biển xanh</i>
</param>
<param s="m">
<i va="09:32:51"></i>
</param>
<param s="m">
<i va="09:33:38">Người yêu tôi</i>
</param>
<param s="m">
<i va="09:34:49">hay khóc trong chiều mưa</i>
</param>
<param s="m">
<i va="09:37:60">Lúc màu xanh</i>
</param>
<param s="m">
<i va="09:38:59">biển mặn đục sắc mây</i>
</param>
<param s="m">
<i va="09:41:64">Bảo yêu anh</i>
</param>
<param s="m">
<i va="09:42:69">em muốn chuyện đôi mình</i>
</param>
<param s="m">
<i va="09:44:93">Như màu xanh biển tình</i>
</param>
<param s="m">
<i va="09:46:54">trong ngày trời xinh rất xinh.</i>
</param>
<param s="m">
<i va="09:48:65"></i>
</param>
<param s="m">
<i va="09:50:16">Tôi đến lại đi</i>
</param>
<param s="m">
<i va="09:53:25">xa vắng đời tôi</i>
</param>
<param s="m">
<i va="09:54:82">chiến chinh lâu dài.</i>
</param>
<param s="m">
<i va="09:58:34">Miệt mài đường trai</i>
</param>
<param s="m">
<i va="10:01:83">vượt truông dài</i>
</param>
<param s="m">
<i va="10:03:08">che khuất biển xanh</i>
</param>
<param s="m">
<i va="10:06:60">Đẹp tựa trong tranh,</i>
</param>
<param s="m">
<i va="10:10:20">gót bùn lầy</i>
</param>
<param s="m">
<i va="10:11:51">cho lúa thêm xanh</i>
</param>
<param s="m">
<i va="10:13:82">Trong bao lần quân hành,</i>
</param>
<param s="m">
<i va="10:15:74">anh qua vùng khô cằn</i>
</param>
<param s="m">
<i va="10:17:54">Mà mồ hôi thành</i>
</param>
<param s="m">
<i va="10:18:40">biển mặn trên môi.</i>
</param>
<param s="m">
<i va="10:21:30"></i>
</param>
<param s="m">
<i va="10:21:62">Nếu lỡ chúng mình</i>
</param>
<param s="m">
<i va="10:23:04">hai đứa hai nơi</i>
</param>
<param s="m">
<i va="10:25:73">Nhìn mưa trên phố</i>
</param>
<param s="m">
<i va="10:26:96">em có thương sầu</i>
</param>
<param s="m">
<i va="10:29:81">Có nghe cay đắng</i>
</param>
<param s="m">
<i va="10:30:87">chiều mưa đổ</i>
</param>
<param s="m">
<i va="10:32:24">Có nghe lòng xót xa đau</i>
</param>
<param s="m">
<i va="10:34:41">Hay em vội quên ngày đó</i>
</param>
<param s="m">
<i va="10:37:63"></i>
</param>
<param s="m">
<i va="10:38:08">Nếu lỡ chúng mình</i>
</param>
<param s="m">
<i va="10:39:33">hai  đứa chia phôi</i>
</param>
<param s="m">
<i va="10:42:17">Vì em con gái</i>
</param>
<param s="m">
<i va="10:43:35">đã lỡ yêu rồi</i>
</param>
<param s="m">
<i va="10:46:77">Vắng anh</i>
</param>
<param s="m">
<i va="10:47:26">em biết còn ai nữa</i>
</param>
<param s="m">
<i va="10:48:82">Những khi hờn dỗi xa nhau</i>
</param>
<param s="m">
<i va="10:50:92">Còn ai đưa đón trong đời.</i>
</param>
<param s="m">
<i va="10:54:33"></i>
</param>
<param s="m">
<i va="10:54:83">Hết những ước mơ</i>
</param>
<param s="m">
<i va="10:57:19">lệ tuôn gối nhòa</i>
</param>
<param s="m">
<i va="10:59:24">Đêm dài thương nhớ.</i>
</param>
<param s="m">
<i va="11:03:20">Cuộc đời từ đây</i>
</param>
<param s="m">
<i va="11:05:80">u buồn ngang trái</i>
</param>
<param s="m">
<i va="11:07:41">Để mình anh đắng cay,</i>
</param>
<param s="m">
<i va="11:09:95">em biết cho chăng.</i>
</param>
<param s="m">
<i va="11:11:20"></i>
</param>
<param s="m">
<i va="11:11:45">Em nói rằng</i>
</param>
<param s="m">
<i va="11:12:31">trọn đời yêu anh</i>
</param>
<param s="m">
<i va="11:15:48">Sao nỡ đành</i>
</param>
<param s="m">
<i va="11:16:42">lòng nào lại quên</i>
</param>
<param s="m">
<i va="11:19:58">Câu tình ta</i>
</param>
<param s="m">
<i va="11:20:51">sẽ không nhạt màu</i>
</param>
<param s="m">
<i va="11:21:69">Câu mình thương</i>
</param>
<param s="m">
<i va="11:22:62">đến khi bạc đầu</i>
</param>
<param s="m">
<i va="11:24:24">Bây giờ trả lại trăng sao.</i>
</param>
<param s="m">
<i va="11:28:33"></i>
</param>
<param s="m">
<i va="11:29:39">Bài hát: Liên Khúc Tuấn Vũ 2 Phần 1</i>
</param>
<param s="m">
<i va="11:30:94">Ngày Xưa Anh Nói (21:28)</i>
</param>
<param s="m">
<i va="11:32:61">Karaoke: tuannvbg@gmail.com</i>
</param>
<param s="m">
<i va="11:33:98">Date: 2016-10-26</i>
</param>
<param s="m">
<i va="11:35:29">Liên khúc gồm: 20 bài hát</i>
</param>
<param s="m">
<i va="11:36:40">Bài 01: Ngày Xưa Anh Nói</i>
</param>
<param s="m">
<i va="11:37:59">Bài 02: Người Tình Và Quê Hương</i>
</param>
<param s="m">
<i va="11:38:83">Bài 03: Con Đường Xưa Em Đi</i>
</param>
<param s="m">
<i va="11:40:38">Bài 04: Sao Chưa Thấy Hồi Âm</i>
</param>
<param s="m">
<i va="11:41:81">Bài 05: Nửa Đêm Nguyện Cầu</i>
</param>
<param s="m">
<i va="11:43:24">Bài 06: Những Đồi Hoa Sim</i>
</param>
<param s="m">
<i va="11:44:91">Bài 07: Định Mệnh</i>
</param>
<param s="m">
<i va="11:46:41">Bài 08: Một Lần Dang Dở</i>
</param>
<param s="m">
<i va="11:47:90">Bài 09: Tình Cờ</i>
</param>
<param s="m">
<i va="11:49:51">Bài 10: Biển Mặn</i>
</param>
<param s="m">
<i va="11:51:25">Bài 11: Nếu Chúng Mình Cách Trở</i>
</param>
<param s="m">
<i va="11:52:92">Bài 12: Tình Yêu Trả Lại Trăng Sao</i>
</param>
<param s="m">
<i va="11:54:23">Bài 13: Lần Đầu Cũng Là Lần Cuối</i>
</param>
<param s="m">
<i va="11:55:72">Bài 14: Đôi Ngả Chia Ly</i>
</param>
<param s="m">
<i va="11:56:84">Bài 15: 24 Giờ Phép</i>
</param>
<param s="m">
<i va="11:58:01">Bài 16: Thói Đời</i>
</param>
<param s="m">
<i va="11:59:38">Bài 17: Người Yêu Cô Đơn</i>
</param>
<param s="m">
<i va="12:00:69">Bài 18: Duyên Kiếp</i>
</param>
<param s="m">
<i va="12:01:93">Bài 19: Tình Bơ Vơ</i>
</param>
<param s="m">
<i va="12:04:61">Bài 20: Đường Về Khuya</i>
</param>
<param s="m">
<i va="12:07:46"></i>
</param>
<param s="m">
<i va="12:14:77">Vẫy tay, vẫy tay chào nhau</i>
</param>
<param s="m">
<i va="12:18:39">Một lần đầu</i>
</param>
<param s="m">
<i va="12:19:93">và một lần cuối</i>
</param>
<param s="m">
<i va="12:22:85">Vẫy tay, vẫy tay chào nhau</i>
</param>
<param s="m">
<i va="12:26:58">Một lần cuối</i>
</param>
<param s="m">
<i va="12:28:32">và trọn cuộc đời.</i>
</param>
<param s="m">
<i va="12:30:43"></i>
</param>
<param s="m">
<i va="12:32:79">Đừng khóc nữa,</i>
</param>
<param s="m">
<i va="12:34:85">đừng khóc nữa em</i>
</param>
<param s="m">
<i va="12:37:01">Thôi về đi, về đi,</i>
</param>
<param s="m">
<i va="12:41:61">về đi Kẻo người ta chờ,</i>
</param>
<param s="m">
<i va="12:44:71">kẻo người ta mong</i>
</param>
<param s="m">
<i va="12:49:81">Kìa một chiếc xe hoa</i>
</param>
<param s="m">
<i va="12:53:03">đang chờ em đó</i>
</param>
<param s="m">
<i va="12:57:44">Một đóa hoa</i>
</param>
<param s="m">
<i va="12:59:18">như đón như mời</i>
</param>
<param s="m">
<i va="13:02:16">Em về đi, em về đi</i>
</param>
<param s="m">
<i va="13:05:94">mừng ngày vu quy.</i>
</param>
<param s="m">
<i va="13:09:18"></i>
</param>
<param s="m">
<i va="13:10:92">Vẫy tay, vẫy tay chào nhau</i>
</param>
<param s="m">
<i va="13:14:64">Một lần đầu</i>
</param>
<param s="m">
<i va="13:16:19">và một lần cuối</i>
</param>
<param s="m">
<i va="13:19:04">Vẫy tay, vẫy tay chào nhau</i>
</param>
<param s="m">
<i va="13:22:83">Một lần cuối</i>
</param>
<param s="m">
<i va="13:24:52">và trọn cuộc đời.</i>
</param>
<param s="m">
<i va="13:27:49"></i>
</param>
<param s="m">
<i va="13:28:13">Em ơi, em hỡi</i>
</param>
<param s="m">
<i va="13:31:24">duyên tình dù có thương đau</i>
</param>
<param s="m">
<i va="13:35:33">Nhưng lòng ta mãi yêu nhau</i>
</param>
<param s="m">
<i va="13:39:43">Cho thời gian không úa màu</i>
</param>
<param s="m">
<i va="13:44:53">Em ơi, em hỡi</i>
</param>
<param s="m">
<i va="13:47:69">xuân về nào có đâu xa</i>
</param>
<param s="m">
<i va="13:51:79">Nếu mà mỏi gót bôn ba</i>
</param>
<param s="m">
<i va="13:55:83">Anh về nối lại tình ta</i>
</param>
<param s="m">
<i va="14:00:47"></i>
</param>
<param s="m">
<i va="14:02:28">Em ơi nếu còn yêu nhau</i>
</param>
<param s="m">
<i va="14:09:49">Nhé đừng gặp nhau</i>
</param>
<param s="m">
<i va="14:11:36">cho luyến lưu khi biệt ly</i>
</param>
<param s="m">
<i va="14:13:90">Thêm vấn vương làm gì</i>
</param>
<param s="m">
<i va="14:15:70"></i>
</param>
<param s="m">
<i va="14:23:20">Em ơi, có ngờ đâu rằng</i>
</param>
<param s="m">
<i va="14:28:70">Khúc nhạc chưa tàn</i>
</param>
<param s="m">
<i va="14:30:42">Mà vội xa cách em ơi</i>
</param>
<param s="m">
<i va="14:32:54">Đôi ngả biết tìm về đâu?</i>
</param>
<param s="m">
<i va="14:35:51"></i>
</param>
<param s="m">
<i va="14:39:09">Bốn giờ đi</i>
</param>
<param s="m">
<i va="14:40:48">dài thêm bốn giờ về</i>
</param>
<param s="m">
<i va="14:43:20">Thời gian còn  lại</i>
</param>
<param s="m">
<i va="14:44:63">anh cho em tất cả em ơi</i>
</param>
<param s="m">
<i va="14:47:12">Ta đưa ta</i>
</param>
<param s="m">
<i va="14:47:68">đến vùng tuyệt vời</i>
</param>
<param s="m">
<i va="14:49:71">Ðêm lạc loài</i>
</param>
<param s="m">
<i va="14:51:41">giấc ngủ mồ côi</i>
</param>
<param s="m">
<i va="14:54:38"></i>
</param>
<param s="m">
<i va="14:55:44">Người đi chưa đợi sáng</i>
</param>
<param s="m">
<i va="14:57:62">Ðưa nhau cuối đường</i>
</param>
<param s="m">
<i va="14:59:11">sợ làm đêm vui rủ xuống</i>
</param>
<param s="m">
<i va="15:02:09">Thương quê hương</i>
</param>
<param s="m">
<i va="15:03:71">và thương bé nhỏ tình này.</i>
</param>
<param s="m">
<i va="15:06:74">Gần trong đôi mắt đỏ</i>
</param>
<param s="m">
<i va="15:08:35">Vì mình mười sáu giờ</i>
</param>
<param s="m">
<i va="15:10:54">bỏ trời đất bơ vơ.</i>
</param>
<param s="m">
<i va="15:12:46"></i>
</param>
<param s="m">
<i va="15:14:06"></i>
</param>
<param s="m">
<i va="15:17:61">Đường thương đau</i>
</param>
<param s="m">
<i va="15:18:42">đày ải nhân gian</i>
</param>
<param s="m">
<i va="15:19:66">ai chưa qua</i>
</param>
<param s="m">
<i va="15:20:59">chưa phải là người</i>
</param>
<param s="m">
<i va="15:22:58">Trong thói đời,</i>
</param>
<param s="m">
<i va="15:24:32">cười ra nước mắt,</i>
</param>
<param s="m">
<i va="15:26:25">xưa trắng tay</i>
</param>
<param s="m">
<i va="15:26:80">gọi tên bằng hữu.</i>
</param>
<param s="m">
<i va="15:28:24">Giờ giàu sang</i>
</param>
<param s="m">
<i va="15:28:98">quên kẻ tâm giao,</i>
</param>
<param s="m">
<i va="15:29:97">còn gian dối cho nhau.</i>
</param>
<param s="m">
<i va="15:33:14"></i>
</param>
<param s="m">
<i va="15:34:02">Người yêu ta</i>
</param>
<param s="m">
<i va="15:35:06">rồi cũng xa ta</i>
</param>
<param s="m">
<i va="15:36:12">nên chung thân</i>
</param>
<param s="m">
<i va="15:37:05">ta giận cuộc đời</i>
</param>
<param s="m">
<i va="15:39:16">Đôi mắt nào</i>
</param>
<param s="m">
<i va="15:40:97">từng đêm buốt giá</i>
</param>
<param s="m">
<i va="15:42:69">bên chiếu chăn</i>
</param>
<param s="m">
<i va="15:43:45">tình xa nhịp thở,</i>
</param>
<param s="m">
<i va="15:44:69">Tiền đổi thay</i>
</param>
<param s="m">
<i va="15:45:50">khi rủ cơn mê</i>
</param>
<param s="m">
<i va="15:46:49">để chua xót trên lối về.</i>
</param>
<param s="m">
<i va="15:49:65"></i>
</param>
<param s="m">
<i va="15:51:70">Tôi quen,</i>
</param>
<param s="m">
<i va="15:53:02">tôi đã quen rồi em</i>
</param>
<param s="m">
<i va="15:55:01">Dang dở trong tình yêu</i>
</param>
<param s="m">
<i va="15:57:09">tôi không xây trên bạc vàng.</i>
</param>
<param s="m">
<i va="16:00:70">Tôi quen,</i>
</param>
<param s="m">
<i va="16:01:75">tôi đã quen rồi em</i>
</param>
<param s="m">
<i va="16:03:63">Em khóc làm chi nữa</i>
</param>
<param s="m">
<i va="16:05:71">bận lòng gì kẻ trắng tay</i>
</param>
<param s="m">
<i va="16:08:32"></i>
</param>
<param s="m">
<i va="16:08:54">Tôi xin,</i>
</param>
<param s="m">
<i va="16:09:71">xin chúc em ngày mai</i>
</param>
<param s="m">
<i va="16:11:83">Hoa gấm ngọc ngà luôn</i>
</param>
<param s="m">
<i va="16:13:57">vây quanh em cả cuộc đời</i>
</param>
<param s="m">
<i va="16:16:92">Riêng tôi</i>
</param>
<param s="m">
<i va="16:18:23">duyên kiếp luôn dở dang</i>
</param>
<param s="m">
<i va="16:20:16">Nên suốt đời tôi vẫn</i>
</param>
<param s="m">
<i va="16:21:76">yêu cô đơn như tình nhân</i>
</param>
<param s="m">
<i va="16:24:18"></i>
</param>
<param s="m">
<i va="16:24:71">Đời tôi cô đơn bao</i>
</param>
<param s="m">
<i va="16:26:51">năm qua vẫn cô đơn</i>
</param>
<param s="m">
<i va="16:29:12">Dù ai đẹp đôi</i>
</param>
<param s="m">
<i va="16:30:18">nhưng riêng tôi vẫn lạnh lùng</i>
</param>
<param s="m">
<i va="16:33:16">Trời cho tôi  cô đơn</i>
</param>
<param s="m">
<i va="16:34:71">bao nhiêu lần nữa  đây</i>
</param>
<param s="m">
<i va="16:36:82">Tôi không hề trách đời</i>
</param>
<param s="m">
<i va="16:38:51">hay giận đời mau đổi thay.</i>
</param>
<param s="m">
<i va="16:40:86"></i>
</param>
<param s="m">
<i va="16:42:49">Em ơi nếu mộng</i>
</param>
<param s="m">
<i va="16:43:34">không thành thì sao</i>
</param>
<param s="m">
<i va="16:46:51">Non cao đất rộng</i>
</param>
<param s="m">
<i va="16:47:64">biết đâu mà tìm</i>
</param>
<param s="m">
<i va="16:50:75">Đường đời mịt mờ</i>
</param>
<param s="m">
<i va="16:51:73">vạn nẻo về đâu</i>
</param>
<param s="m">
<i va="16:54:77">Mong chờ duyên kiếp</i>
</param>
<param s="m">
<i va="16:55:95">đưa lối bắc cầu</i>
</param>
<param s="m">
<i va="16:58:45"></i>
</param>
<param s="m">
<i va="16:58:87">Em ơi nhắc lại</i>
</param>
<param s="m">
<i va="17:00:05">phút xưa gặp nhau</i>
</param>
<param s="m">
<i va="17:03:03">Trên đê vắng người</i>
</param>
<param s="m">
<i va="17:04:09">lúc tan chợ chiều</i>
</param>
<param s="m">
<i va="17:07:26">Ngại ngùng mỗi lần</i>
</param>
<param s="m">
<i va="17:08:57">anh đến làm quen</i>
</param>
<param s="m">
<i va="17:11:35">Má em ửng hồng</i>
</param>
<param s="m">
<i va="17:12:42">vì quá thẹn thùng.</i>
</param>
<param s="m">
<i va="17:15:08"></i>
</param>
<param s="m">
<i va="17:16:76">Càng nhìn em, yêu em hơn</i>
</param>
<param s="m">
<i va="17:20:12">và yêu em mãi</i>
</param>
<param s="m">
<i va="17:23:10">Dù phút êm đềm xa xưa,</i>
</param>
<param s="m">
<i va="17:27:26">nay đã đi vào quên lãng</i>
</param>
<param s="m">
<i va="17:32:98">Trời vào thu,</i>
</param>
<param s="m">
<i va="17:35:47">Việt Nam buồn lắm em ơi</i>
</param>
<param s="m">
<i va="17:39:49">Mây tím đang dâng cao vời,</i>
</param>
<param s="m">
<i va="17:43:28">mà tình yêu chưa lên  ngôi.</i>
</param>
<param s="m">
<i va="17:48:87"></i>
</param>
<param s="m">
<i va="17:49:80">Ngày mình yêu,</i>
</param>
<param s="m">
<i va="17:52:05">anh đâu hay tình ta gian dối</i>
</param>
<param s="m">
<i va="17:56:13">Để bước phong trần tha phương,</i>
</param>
<param s="m">
<i va="18:00:30">em khóc cho đời viễn xứ</i>
</param>
<param s="m">
<i va="18:06:02">Về làm chi,</i>
</param>
<param s="m">
<i va="18:08:50">rồi em lặng lẻ ra đi</i>
</param>
<param s="m">
<i va="18:12:59">Gom góp yêu thương quê nhà,</i>
</param>
<param s="m">
<i va="18:16:69">dâng hết cho người tình xa.</i>
</param>
<param s="m">
<i va="18:20:91"></i>
</param>
<param s="m">
<i va="18:21:86"></i>
</param>
<param s="m">
<i va="18:22:83">Đường khuya vắng người</i>
</param>
<param s="m">
<i va="18:26:07">mến thương xa rồi</i>
</param>
<param s="m">
<i va="18:31:10">Mình tôi lắng hồn</i>
</param>
<param s="m">
<i va="18:34:39">theo tiếng mưa rơi</i>
</param>
<param s="m">
<i va="18:38:99">Lối về còn là</i>
</param>
<param s="m">
<i va="18:41:58">bao hình bóng</i>
</param>
<param s="m">
<i va="18:43:50">Nhớ lúc chia tay</i>
</param>
<param s="m">
<i va="18:45:42">giữa đêm sương mờ</i>
</param>
<param s="m">
<i va="18:47:04">bùi ngùi thôi chẳng nói</i>
</param>
<param s="m">
<i va="18:49:46">Bóng ai xa  rồi</i>
</param>
<param s="m">
<i va="18:50:96">còn ai đứng nhìn theo</i>
</param>
<param s="m">
<i va="18:54:50"></i>
</param>
<param s="m">
<i va="18:55:24">Ngày xưa Anh nói</i>
</param>
<param s="m">
<i va="18:57:60">Anh thương có em thôi</i>
</param>
<param s="m">
<i va="18:59:65">không ai ngoài em nữa</i>
</param>
<param s="m">
<i va="19:03:47">Ngày xưa anh nói,</i>
</param>
<param s="m">
<i va="19:05:82">em như áng mây trôi</i>
</param>
<param s="m">
<i va="19:07:95">Theo anh về cuối trời</i>
</param>
<param s="m">
<i va="19:11:67">Muôn kiếp xây đời,</i>
</param>
<param s="m">
<i va="19:13:96">dựng lều hoa bên suối</i>
</param>
<param s="m">
<i va="19:16:08">Sống cho nhau mà thôi</i>
</param>
<param s="m">
<i va="19:18:31">những lúc sương chiều rơi</i>
</param>
<param s="m">
<i va="19:20:42">Và khi gió lơi</i>
</param>
<param s="m">
<i va="19:22:28">rồi mùa đông băng giá</i>
</param>
<param s="m">
<i va="19:24:40">em không ngại sầu tới</i>
</param>
<param s="m">
<i va="19:27:61"></i>
</param>
<param s="m">
<i va="19:28:24">Ngày xưa em nói</i>
</param>
<param s="m">
<i va="19:30:60">Không mơ ước cao sang</i>
</param>
<param s="m">
<i va="19:32:65">hay cung vàng gác tía</i>
</param>
<param s="m">
<i va="19:36:56">Ngày xưa em nói,</i>
</param>
<param s="m">
<i va="19:38:97">em yêu có anh thôi</i>
</param>
<param s="m">
<i va="19:40:96">Cho tim hoà tiếng đời</i>
</param>
<param s="m">
<i va="19:44:82">Đôi bóng chim trời</i>
</param>
<param s="m">
<i va="19:47:24">quyện vào nhau bay mãi</i>
</param>
<param s="m">
<i va="19:49:16">Tới phương xa nào đây</i>
</param>
<param s="m">
<i va="19:51:41">đón ánh sao tình yêu</i>
</param>
<param s="m">
<i va="19:53:57">Buồn vui có nhau</i>
</param>
<param s="m">
<i va="19:55:50">để ngàn câu thương nhớ</i>
</param>
<param s="m">
<i va="19:57:55">Xanh thắm màu nhớ thương.</i>
</param>
<param s="m">
<i va="20:00:40"></i>
</param>
<param s="m">
<i va="20:01:33">Con đường xưa em đi</i>
</param>
<param s="m">
<i va="20:03:70">vàng lên mái tóc thề</i>
</param>
<param s="m">
<i va="20:05:81">ngõ hồn dâng tái tê</i>
</param>
<param s="m">
<i va="20:09:53">Anh làm thơ vu quy</i>
</param>
<param s="m">
<i va="20:11:96">khách qua đường lắng nghe</i>
</param>
<param s="m">
<i va="20:13:94">chuyện tình ta đã ghi</i>
</param>
<param s="m">
<i va="20:17:79">Mấy mùa trăng vu quy</i>
</param>
<param s="m">
<i va="20:20:21">vì mưa gió không về</i>
</param>
<param s="m">
<i va="20:22:26">chiến trường anh bước đi</i>
</param>
<param s="m">
<i va="20:26:05">Có nàng hoen đôi mi</i>
</param>
<param s="m">
<i va="20:28:42">ngóng theo đường vắng hoe</i>
</param>
<param s="m">
<i va="20:30:52">hỏi còn ai cố tri.</i>
</param>
<param s="m">
<i va="20:33:82"></i>
</param>
<param s="m">
<i va="20:35:56">Vẫy tay, vẫy tay chào nhau</i>
</param>
<param s="m">
<i va="20:39:41">Một lần đầu</i>
</param>
<param s="m">
<i va="20:41:02">và một lần cuối</i>
</param>
<param s="m">
<i va="20:43:94">Vẫy tay, vẫy tay chào nhau</i>
</param>
<param s="m">
<i va="20:47:61">Một lần cuối và trọn cuộc đời.</i>
</param>
<param s="m">
<i va="20:52:08">Vẫy tay, vẫy tay chào nhau</i>
</param>
<param s="m">
<i va="20:55:87">Một lần đầu</i>
</param>
<param s="m">
<i va="20:57:41">và một lần cuối</i>
</param>
<param s="m">
<i va="21:00:58">Vẫy tay, vẫy tay chào nhau</i>
</param>
<param s="m">
<i va="21:04:19">Một lần cuối và trọn cuộc đời</i>
</param>
<param s="m">
<i va="21:08:66">Vẫy tay, vẫy tay chào nhau</i>
</param>
<param s="m">
<i va="21:12:38">Một lần đầu</i>
</param>
<param s="m">
<i va="21:13:88">và một lần cuối</i>
</param>
<param s="m">
<i va="21:16:80">Vẫy tay, vẫy tay chào nhau</i>
</param>
<param s="m">
<i va="21:20:65">Một lần cuối và trọn cuộc đời</i>
</param>
<param s="m">
<i va="21:22:83"></i>
</param>
</data>

