﻿<data>
<title> Truong Son Dong Truong Son Tay</title>
<singer> Thu Hien,Trung Duc</singer>
<param s="b">
<i va="by: nguyenkimvy"></i>
</param>
<param s="b">
<i va="id: ff_lwpkbcsa"></i>
</param>
<param s="b">
<i va="00:00:00">Ca khúc: Trường Sơn Đông Trường Sơn Tây</i>
</param>
<param s="b">
<i va="00:04:00">Trình bày: Thu Hiền,Trung Đức</i>
</param>
<param s="b">
<i va="00:05:00"></i>
</param>
<param s="b">
<i va="00:25:71">*4</i>
</param>
<param s="b">
<i va="00:26:33">*3</i>
</param>
<param s="b">
<i va="00:27:14">*2</i>
</param>
<param s="b">
<i va="00:27:64">*1</i>
</param>
<param s="b">
<i va="00:31:39">Cùng mắc võng</i>
</param>
<param s="b">
<i va="00:32:71">trên rừng Trường Sơn</i>
</param>
<param s="b">
<i va="00:34:20">hai đứa ở</i>
</param>
<param s="b">
<i va="00:35:64">hai đầu xa thẳm</i>
</param>
<param s="b">
<i va="00:37:20">đường ra trận</i>
</param>
<param s="b">
<i va="00:38:58">mùa này đẹp lắm</i>
</param>
<param s="b">
<i va="00:40:27">Trường Sơn Đông</i>
</param>
<param s="b">
<i va="00:41:45">nhớ Trường Sơn Tây</i>
</param>
<param s="b">
<i va="00:43:20"></i>
</param>
<param s="b">
<i va="00:46:35">Trường Sơn Tây</i>
</param>
<param s="b">
<i va="00:47:54">anh đi</i>
</param>
<param s="b">
<i va="00:49:60">thương em thương em</i>
</param>
<param s="b">
<i va="00:51:73">bên ấy mưa nhiều</i>
</param>
<param s="b">
<i va="00:53:35">con đường</i>
</param>
<param s="b">
<i va="00:54:04">mà gánh gạo</i>
</param>
<param s="b">
<i va="00:55:35">muỗi bay rừng già</i>
</param>
<param s="b">
<i va="00:56:41">cho dài mà tay áo</i>
</param>
<param s="b">
<i va="00:58:29">hết rau rồi em có</i>
</param>
<param s="b">
<i va="00:59:92">lấy măng không</i>
</param>
<param s="b">
<i va="01:01:16"></i>
</param>
<param s="b">
<i va="01:03:01">còn em thương</i>
</param>
<param s="b">
<i va="01:03:88">bên tây anh mùa đông</i>
</param>
<param s="b">
<i va="01:05:79">nước khe cạn</i>
</param>
<param s="b">
<i va="01:06:91">bướm bay lèn đá</i>
</param>
<param s="b">
<i va="01:08:79">biết lòng anh</i>
</param>
<param s="b">
<i va="01:09:98">say miền đất lạ</i>
</param>
<param s="b">
<i va="01:11:79">là chắc em lo</i>
</param>
<param s="b">
<i va="01:13:04">đường chắn bom thù</i>
</param>
<param s="b">
<i va="01:17:32">Anh lên xe</i>
</param>
<param s="b">
<i va="01:18:57">trời đổ cơn mưa</i>
</param>
<param s="b">
<i va="01:20:07">cái gạt nước</i>
</param>
<param s="b">
<i va="01:21:26">xua đi nỗi nhớ</i>
</param>
<param s="b">
<i va="01:23:13">em xuống núi</i>
</param>
<param s="b">
<i va="01:24:69">nắng về rực rỡ</i>
</param>
<param s="b">
<i va="01:26:13">cái nhành cây</i>
</param>
<param s="b">
<i va="01:27:32">gạt mối riêng tư</i>
</param>
<param s="b">
<i va="01:28:82"></i>
</param>
<param s="b">
<i va="01:30:15">từ nơi em đưa sang</i>
</param>
<param s="b">
<i va="01:31:46">bên nơi anh</i>
</param>
<param s="b">
<i va="01:32:77">những binh đoàn</i>
</param>
<param s="b">
<i va="01:34:08">nối nhau ra tiền tuyến</i>
</param>
<param s="b">
<i va="01:35:83">như tình yêu</i>
</param>
<param s="b">
<i va="01:36:96">nối lời vô tận</i>
</param>
<param s="b">
<i va="01:38:71">là Đông Trường Sơn</i>
</param>
<param s="b">
<i va="01:40:02">nối Tây Trường Sơn.</i>
</param>
<param s="b">
<i va="01:44:71">Ca khúc: Trường Sơn Đông Trường Sơn Tây</i>
</param>
<param s="b">
<i va="01:46:83">Trình bày: Thu Hiền,Trung Đức</i>
</param>
<param s="b">
<i va="01:52:83"></i>
</param>
<param s="b">
<i va="01:58:46">*4</i>
</param>
<param s="b">
<i va="02:00:33">*3</i>
</param>
<param s="b">
<i va="02:02:27">*2</i>
</param>
<param s="b">
<i va="02:03:89">*1</i>
</param>
<param s="b">
<i va="02:08:83">Cùng mắc võng</i>
</param>
<param s="b">
<i va="02:10:20">trên rừng Trường Sơn</i>
</param>
<param s="b">
<i va="02:11:83">hai đứa ở</i>
</param>
<param s="b">
<i va="02:13:27">hai đầu xa thẳm</i>
</param>
<param s="b">
<i va="02:14:83">đường ra trận</i>
</param>
<param s="b">
<i va="02:16:21">mùa này đẹp lắm</i>
</param>
<param s="b">
<i va="02:17:89">Trường Sơn Đông</i>
</param>
<param s="b">
<i va="02:19:02">nhớ Trường Sơn Tây</i>
</param>
<param s="b">
<i va="02:20:52"></i>
</param>
<param s="b">
<i va="02:23:83">Trường Sơn Tây</i>
</param>
<param s="b">
<i va="02:25:08">anh đi</i>
</param>
<param s="b">
<i va="02:27:39">thương em thương em</i>
</param>
<param s="b">
<i va="02:29:52">bên ấy mưa nhiều</i>
</param>
<param s="b">
<i va="02:30:96">con đường</i>
</param>
<param s="b">
<i va="02:31:65">mà gánh gạo</i>
</param>
<param s="b">
<i va="02:32:89">muỗi bay rừng già</i>
</param>
<param s="b">
<i va="02:34:08">cho dài mà tay áo</i>
</param>
<param s="b">
<i va="02:35:89">hết rau rồi</i>
</param>
<param s="b">
<i va="02:37:08">em có lấy măng không</i>
</param>
<param s="b">
<i va="02:38:96"></i>
</param>
<param s="b">
<i va="02:40:70">còn em thương</i>
</param>
<param s="b">
<i va="02:41:58">bên tây anh mùa đông</i>
</param>
<param s="b">
<i va="02:43:39">nước khe cạn</i>
</param>
<param s="b">
<i va="02:44:64">bướm bay lèn đá</i>
</param>
<param s="b">
<i va="02:46:45">biết lòng anh</i>
</param>
<param s="b">
<i va="02:47:58">say miền đất lạ</i>
</param>
<param s="b">
<i va="02:49:32">là chắc anh lo</i>
</param>
<param s="b">
<i va="02:50:57">đường chắn bom thù</i>
</param>
<param s="b">
<i va="02:52:08"></i>
</param>
<param s="b">
<i va="02:54:89">Anh lên xe</i>
</param>
<param s="b">
<i va="02:56:20">trời đổ cơn mưa</i>
</param>
<param s="b">
<i va="02:57:76">cái gạt nước</i>
</param>
<param s="b">
<i va="02:58:89">xua đi nỗi nhớ</i>
</param>
<param s="b">
<i va="03:00:83">em xuống núi</i>
</param>
<param s="b">
<i va="03:02:20">nắng về rực rỡ</i>
</param>
<param s="b">
<i va="03:03:76">cái nhành cây</i>
</param>
<param s="b">
<i va="03:04:95">gạt mối riêng tư</i>
</param>
<param s="b">
<i va="03:07:65">từ nơi em đưa</i>
</param>
<param s="b">
<i va="03:08:90">sang bên nơi anh</i>
</param>
<param s="b">
<i va="03:10:46">những binh đoàn</i>
</param>
<param s="b">
<i va="03:11:71">nối nhau ra tiền tuyến</i>
</param>
<param s="b">
<i va="03:13:46">như tình yêu</i>
</param>
<param s="b">
<i va="03:14:71">nối lời vô tận</i>
</param>
<param s="b">
<i va="03:16:40">là Đông Trường Sơn</i>
</param>
<param s="b">
<i va="03:18:02">nối Tây Trường Sơn.</i>
</param>
<param s="b">
<i va="03:23:52"></i>
</param>
</data>

