<?xml version="1.0" encoding="utf-8"?>
<data>
	<time>10</time> 
	<slide>
		<image>http://tracnghiem.yzi.me/images/zingstar/zingstar1.jpg</image>
		<image>http://tracnghiem.yzi.me/images/zingstar/zingstar2.jpg</image>
		<image>http://tracnghiem.yzi.me/images/zingstar/zingstar3.jpg</image>
		<image>http://tracnghiem.yzi.me/images/zingstar/zingstar4.jpg</image>
		<image>http://tracnghiem.yzi.me/images/zingstar/zingstar5.jpg</image>
		<image>http://tracnghiem.yzi.me/images/zingstar/zingstar6.jpg</image>
		<image>http://tracnghiem.yzi.me/images/zingstar/zingstar7.jpg</image>
		<image>http://tracnghiem.yzi.me/images/zingstar/zingstar8.jpg</image>
		<image>http://tracnghiem.yzi.me/images/zingstar/zingstar9.jpg</image>
		<image>http://tracnghiem.yzi.me/images/zingstar/zingstar10.jpg</image>
	</slide>
</data>